epoch,step,train_loss_epoch,train_loss_step,val_loss_epoch,val_loss_step
0,9,,0.9694513082504272,,
0,19,,0.9745609760284424,,
0,29,,0.963244616985321,,
0,39,,0.9663819670677185,,
0,49,,0.9620393514633179,,
0,59,,0.9555663466453552,,
0,69,,0.9575036764144897,,
0,79,,0.9437572956085205,,
0,89,,0.9560781717300415,,
0,99,,0.9432399868965149,,
0,109,,0.9212339520454407,,
0,119,,0.9516605734825134,,
0,129,,0.9539772272109985,,
0,139,,0.9205579161643982,,
0,149,,0.9201579093933105,,
0,159,,0.94642573595047,,
0,169,,0.9455872178077698,,
0,179,,0.9484817385673523,,
0,189,,0.8927431702613831,,
0,199,,0.9429312348365784,,
0,209,,0.8787235617637634,,
0,219,,0.8732729554176331,,
0,229,,0.8759095072746277,,
0,239,,0.9446743726730347,,
0,249,,0.9391787648200989,,
0,259,,0.8644502758979797,,
0,269,,0.8754676580429077,,
0,279,,0.8685386180877686,,
0,289,,0.8758077621459961,,
0,299,,0.8631362915039062,,
0,309,,0.859634518623352,,
0,319,,0.859143078327179,,
0,329,,0.8505212664604187,,
0,339,,0.9159106016159058,,
0,349,,0.8913296461105347,,
0,359,,0.9138029217720032,,
0,369,,0.9051945805549622,,
,0,,,,0.9233734011650085
,1,,,,0.8685554265975952
,2,,,,0.9242902398109436
,3,,,,0.9182107448577881
,4,,,,0.8573462963104248
,5,,,,0.8719627857208252
,6,,,,0.9321549534797668
,7,,,,0.9242368340492249
,8,,,,0.859912097454071
,9,,,,0.869019091129303
,10,,,,0.8828900456428528
,11,,,,0.8660864233970642
,12,,,,0.9133644700050354
,13,,,,0.9115914106369019
,14,,,,0.8731595873832703
,15,,,,0.8636379837989807
,16,,,,0.9020878672599792
,17,,,,0.8452101945877075
,18,,,,0.9024825692176819
,19,,,,0.8335152268409729
,20,,,,0.8428485989570618
,21,,,,0.9013682007789612
,22,,,,0.9075400233268738
,23,,,,0.8389744162559509
,24,,,,0.8548600673675537
,25,,,,0.9147721529006958
,26,,,,0.840394914150238
,27,,,,0.8408704996109009
,28,,,,0.8541505336761475
,29,,,,0.8743945360183716
,30,,,,0.922376811504364
,31,,,,0.9159142971038818
,32,,,,0.9338092803955078
,33,,,,0.8760356307029724
,34,,,,0.9121719002723694
,35,,,,0.9304695725440979
,36,,,,0.9186455607414246
,37,,,,0.8750481009483337
,38,,,,0.8727746605873108
,39,,,,0.8657734394073486
,40,,,,0.8517836928367615
,41,,,,0.9166349768638611
,42,,,,0.926089346408844
,43,,,,0.9217590689659119
,44,,,,0.9090548157691956
,45,,,,0.8402600884437561
,46,,,,0.9071786403656006
,47,,,,0.8949667811393738
,48,,,,0.8840384483337402
,49,,,,0.9043869972229004
,50,,,,0.8261585831642151
,51,,,,0.8387237191200256
,52,,,,0.8859511017799377
,53,,,,0.845375657081604
,54,,,,0.8460238575935364
,55,,,,0.8400110006332397
,56,,,,0.9066126346588135
,57,,,,0.8457556962966919
,58,,,,0.912937581539154
,59,,,,0.8903620839118958
,60,,,,0.9188377261161804
,61,,,,0.8475174903869629
,62,,,,0.8955352306365967
,63,,,,0.9064185619354248
,64,,,,0.9285332560539246
,65,,,,0.9950082898139954
,66,,,,0.9090055823326111
,67,,,,0.8285241723060608
,68,,,,0.8240290880203247
,69,,,,0.9105362296104431
,70,,,,0.8538163304328918
,71,,,,0.8338477611541748
,72,,,,0.8490628600120544
,73,,,,0.9215380549430847
,74,,,,0.8472641110420227
,75,,,,0.8519741296768188
,76,,,,0.8339315056800842
,77,,,,0.8176263570785522
,78,,,,0.894737720489502
,79,,,,0.8926931023597717
,80,,,,0.8840417265892029
,81,,,,0.822533369064331
,82,,,,0.9017255902290344
,83,,,,0.8180443644523621
,84,,,,0.8473973274230957
,85,,,,0.8515399694442749
,86,,,,0.872363269329071
,87,,,,0.9002146124839783
,88,,,,0.891113817691803
,89,,,,0.9112372398376465
,90,,,,0.9124068021774292
,91,,,,0.8350375890731812
,92,,,,0.9104719758033752
,93,,,,0.8363938331604004
,94,,,,0.9034721851348877
0,375,,,0.8807400465011597,
0,375,0.9237942695617676,,,
1,379,,0.9074164032936096,,
1,389,,0.9043914675712585,,
1,399,,0.8987893462181091,,
1,409,,0.8974608778953552,,
1,419,,0.9000522494316101,,
1,429,,0.8496714234352112,,
1,439,,0.8395510315895081,,
1,449,,0.8523204326629639,,
1,459,,0.8565950393676758,,
1,469,,0.884650468826294,,
1,479,,0.8409889340400696,,
1,489,,0.8994123339653015,,
1,499,,0.9056251645088196,,
1,509,,0.8900313973426819,,
1,519,,0.8316038846969604,,
1,529,,0.8677840232849121,,
1,539,,0.8944993615150452,,
1,549,,0.8446834087371826,,
1,559,,0.8538970351219177,,
1,569,,0.8393993973731995,,
1,579,,0.8812733888626099,,
1,589,,0.8168547749519348,,
1,599,,0.8403067588806152,,
1,609,,0.8630095720291138,,
1,619,,0.8265394568443298,,
1,629,,0.8405444025993347,,
1,639,,0.8716121912002563,,
1,649,,0.8661885857582092,,
1,659,,0.8790550827980042,,
1,669,,0.808250904083252,,
1,679,,0.8116662502288818,,
1,689,,0.8075933456420898,,
1,699,,0.8603537678718567,,
1,709,,0.8529150485992432,,
1,719,,0.8781297206878662,,
1,729,,0.8669214248657227,,
1,739,,0.8327344655990601,,
1,749,,0.7990295886993408,,
,95,,,,0.8632547855377197
,96,,,,0.8230164051055908
,97,,,,0.8705702424049377
,98,,,,0.8570886254310608
,99,,,,0.8033076524734497
,100,,,,0.8273159265518188
,101,,,,0.8780090808868408
,102,,,,0.8768970966339111
,103,,,,0.8025821447372437
,104,,,,0.8230872750282288
,105,,,,0.8334468603134155
,106,,,,0.808078408241272
,107,,,,0.8350522518157959
,108,,,,0.8403850197792053
,109,,,,0.8209800124168396
,110,,,,0.8099856972694397
,111,,,,0.8273048996925354
,112,,,,0.7868602871894836
,113,,,,0.8297693729400635
,114,,,,0.7901002764701843
,115,,,,0.8058095574378967
,116,,,,0.8414367437362671
,117,,,,0.8594345450401306
,118,,,,0.7937193512916565
,119,,,,0.8100347518920898
,120,,,,0.8625004291534424
,121,,,,0.7896173596382141
,122,,,,0.793985903263092
,123,,,,0.8065332174301147
,124,,,,0.8184897303581238
,125,,,,0.8646860122680664
,126,,,,0.8510557413101196
,127,,,,0.8826793432235718
,128,,,,0.8253082633018494
,129,,,,0.8491013050079346
,130,,,,0.875647246837616
,131,,,,0.8508926033973694
,132,,,,0.8141127228736877
,133,,,,0.8151519894599915
,134,,,,0.8014767169952393
,135,,,,0.802326500415802
,136,,,,0.8564064502716064
,137,,,,0.8727339506149292
,138,,,,0.8799733519554138
,139,,,,0.8552824854850769
,140,,,,0.8023290038108826
,141,,,,0.8660546541213989
,142,,,,0.8553597927093506
,143,,,,0.8454904556274414
,144,,,,0.8750285506248474
,145,,,,0.7787769436836243
,146,,,,0.7825352549552917
,147,,,,0.8424497842788696
,148,,,,0.7990322709083557
,149,,,,0.8031717538833618
,150,,,,0.7902584075927734
,151,,,,0.8512328863143921
,152,,,,0.7810330390930176
,153,,,,0.8658914566040039
,154,,,,0.8566283583641052
,155,,,,0.9271060228347778
,156,,,,0.8116593956947327
,157,,,,0.8383723497390747
,158,,,,0.8786967396736145
,159,,,,0.9736645817756653
,160,,,,0.9310451149940491
,161,,,,0.8989869356155396
,162,,,,0.7877316474914551
,163,,,,0.7781872749328613
,164,,,,0.8580515384674072
,165,,,,0.8063944578170776
,166,,,,0.7888036966323853
,167,,,,0.7997419834136963
,168,,,,0.8988749384880066
,169,,,,0.7987309694290161
,170,,,,0.7997950315475464
,171,,,,0.7857450246810913
,172,,,,0.7626804113388062
,173,,,,0.8430124521255493
,174,,,,0.8251183032989502
,175,,,,0.8172846436500549
,176,,,,0.787135660648346
,177,,,,0.8448663353919983
,178,,,,0.7768980860710144
,179,,,,0.8028618693351746
,180,,,,0.8161245584487915
,181,,,,0.8741976022720337
,182,,,,0.8616909384727478
,183,,,,0.8914735913276672
,184,,,,0.9702271819114685
,185,,,,0.8922679424285889
,186,,,,0.7983293533325195
,187,,,,0.8661184310913086
,188,,,,0.7940632700920105
,189,,,,0.8296542763710022
1,751,,,0.83474200963974,
1,751,0.8589744567871094,,,
2,759,,0.8526344895362854,,
2,769,,0.8541619181632996,,
2,779,,0.8376752138137817,,
2,789,,0.8761903047561646,,
2,799,,0.7963565587997437,,
2,809,,0.7793260216712952,,
2,819,,0.8655768632888794,,
2,829,,0.798538088798523,,
2,839,,0.7757415771484375,,
2,849,,0.7879683971405029,,
2,859,,0.8731150031089783,,
2,869,,0.8052338361740112,,
2,879,,0.800624668598175,,
2,889,,0.8440352082252502,,
2,899,,0.7859391570091248,,
2,909,,0.8386580944061279,,
2,919,,0.7831569314002991,,
2,929,,0.7841404676437378,,
2,939,,0.8266740441322327,,
2,949,,0.7822284698486328,,
2,959,,0.791502833366394,,
2,969,,0.8196308612823486,,
2,979,,0.8197713494300842,,
2,989,,0.8277831673622131,,
2,999,,0.7699287533760071,,
2,1009,,0.7781248688697815,,
2,1019,,0.8339177966117859,,
2,1029,,0.7835144400596619,,
2,1039,,0.8423047065734863,,
2,1049,,0.7561021447181702,,
2,1059,,0.7685748338699341,,
2,1069,,0.7967345118522644,,
2,1079,,0.7720369696617126,,
2,1089,,0.8114751577377319,,
2,1099,,0.7715705633163452,,
2,1109,,0.7654964327812195,,
2,1119,,0.74705570936203,,
,190,,,,0.8211838603019714
,191,,,,0.7568219304084778
,192,,,,0.8289791941642761
,193,,,,0.8123427033424377
,194,,,,0.7356681227684021
,195,,,,0.7627131342887878
,196,,,,0.8389816880226135
,197,,,,0.8471533060073853
,198,,,,0.7360390424728394
,199,,,,0.7605648636817932
,200,,,,0.7533408999443054
,201,,,,0.7151881456375122
,202,,,,0.7753342986106873
,203,,,,0.792849600315094
,204,,,,0.7557229995727539
,205,,,,0.7326772809028625
,206,,,,0.7778770923614502
,207,,,,0.7097305655479431
,208,,,,0.7796677947044373
,209,,,,0.7400588393211365
,210,,,,0.7592631578445435
,211,,,,0.7996730804443359
,212,,,,0.83050137758255
,213,,,,0.7388843894004822
,214,,,,0.7614338397979736
,215,,,,0.8228899836540222
,216,,,,0.7374997735023499
,217,,,,0.7401754856109619
,218,,,,0.7514164447784424
,219,,,,0.7449191808700562
,220,,,,0.8184977173805237
,221,,,,0.8030354380607605
,222,,,,0.8446050882339478
,223,,,,0.7592394948005676
,224,,,,0.8008807897567749
,225,,,,0.8346026539802551
,226,,,,0.7993176579475403
,227,,,,0.7421190142631531
,228,,,,0.7419971227645874
,229,,,,0.7183046936988831
,230,,,,0.7334314584732056
,231,,,,0.8131257891654968
,232,,,,0.8349316716194153
,233,,,,0.8462246060371399
,234,,,,0.8207002282142639
,235,,,,0.7626355886459351
,236,,,,0.843226969242096
,237,,,,0.8288922309875488
,238,,,,0.815431535243988
,239,,,,0.8543367385864258
,240,,,,0.7368215322494507
,241,,,,0.7355610132217407
,242,,,,0.816866934299469
,243,,,,0.7585534453392029
,244,,,,0.7796305418014526
,245,,,,0.7461513876914978
,246,,,,0.8222471475601196
,247,,,,0.7398924827575684
,248,,,,0.8373532295227051
,249,,,,0.8319053649902344
,250,,,,0.9325201511383057
,251,,,,0.7750265002250671
,252,,,,0.7990885972976685
,253,,,,0.8579272031784058
,254,,,,0.9996843934059143
,255,,,,0.8956137895584106
,256,,,,0.8902454376220703
,257,,,,0.7553403973579407
,258,,,,0.7411389350891113
,259,,,,0.8237894177436829
,260,,,,0.7563691735267639
,261,,,,0.7421121597290039
,262,,,,0.7647091150283813
,263,,,,0.8777166604995728
,264,,,,0.7609250545501709
,265,,,,0.7615936994552612
,266,,,,0.7433682084083557
,267,,,,0.7128735184669495
,268,,,,0.8072041273117065
,269,,,,0.7784347534179688
,270,,,,0.7736141681671143
,271,,,,0.753341555595398
,272,,,,0.8093687295913696
,273,,,,0.7291701436042786
,274,,,,0.7675148844718933
,275,,,,0.7898784279823303
,276,,,,0.8774818181991577
,277,,,,0.8410583734512329
,278,,,,0.8888444900512695
,279,,,,0.9872732758522034
,280,,,,0.8791158199310303
,281,,,,0.7631470561027527
,282,,,,0.8376132249832153
,283,,,,0.7478801012039185
,284,,,,0.7774888873100281
2,1127,,,0.7931714057922363,
2,1127,0.8116564154624939,,,
3,1129,,0.7937565445899963,,
3,1139,,0.8587386012077332,,
3,1149,,0.7539942860603333,,
3,1159,,0.8259614706039429,,
3,1169,,0.7250928282737732,,
3,1179,,0.7102209329605103,,
3,1189,,0.7860128283500671,,
3,1199,,0.717562735080719,,
3,1209,,0.7856010794639587,,
3,1219,,0.808831512928009,,
3,1229,,0.7948800325393677,,
3,1239,,0.7391133308410645,,
3,1249,,0.7060474157333374,,
3,1259,,0.7356094717979431,,
3,1269,,0.8101115226745605,,
3,1279,,0.7355711460113525,,
3,1289,,0.7111178636550903,,
3,1299,,0.7700529098510742,,
3,1309,,0.7251036167144775,,
3,1319,,0.8021959662437439,,
3,1329,,0.748162567615509,,
3,1339,,0.766867995262146,,
3,1349,,0.7963874936103821,,
3,1359,,0.7209596037864685,,
3,1369,,0.82267826795578,,
3,1379,,0.8170509934425354,,
3,1389,,0.7205622792243958,,
3,1399,,0.8035148978233337,,
3,1409,,0.824843168258667,,
3,1419,,0.7418071031570435,,
3,1429,,0.7166606187820435,,
3,1439,,0.729385256767273,,
3,1449,,0.7197027802467346,,
3,1459,,0.8187879323959351,,
3,1469,,0.8092384934425354,,
3,1479,,0.6952874064445496,,
3,1489,,0.7315666079521179,,
3,1499,,0.7847194075584412,,
,285,,,,0.7939157485961914
,286,,,,0.7078930735588074
,287,,,,0.7994199395179749
,288,,,,0.7813876867294312
,289,,,,0.6917182803153992
,290,,,,0.7171157598495483
,291,,,,0.8138083815574646
,292,,,,0.8255782127380371
,293,,,,0.6897431015968323
,294,,,,0.7200532555580139
,295,,,,0.7082806825637817
,296,,,,0.6823427081108093
,297,,,,0.7442843914031982
,298,,,,0.7642713189125061
,299,,,,0.7144820094108582
,300,,,,0.6924328804016113
,301,,,,0.7467578649520874
,302,,,,0.6748342514038086
,303,,,,0.7494443655014038
,304,,,,0.6999119520187378
,305,,,,0.7191519141197205
,306,,,,0.7733975648880005
,307,,,,0.8117108345031738
,308,,,,0.7058585286140442
,309,,,,0.7247440814971924
,310,,,,0.7982684969902039
,311,,,,0.6950064301490784
,312,,,,0.6977463364601135
,313,,,,0.7030783295631409
,314,,,,0.7054210901260376
,315,,,,0.7873467206954956
,316,,,,0.770037055015564
,317,,,,0.8180526494979858
,318,,,,0.7167572975158691
,319,,,,0.7690799832344055
,320,,,,0.8062641024589539
,321,,,,0.7686789631843567
,322,,,,0.7025337815284729
,323,,,,0.6974132061004639
,324,,,,0.6673664450645447
,325,,,,0.690466046333313
,326,,,,0.7834308743476868
,327,,,,0.8112484812736511
,328,,,,0.8148713707923889
,329,,,,0.7972919940948486
,330,,,,0.7144914865493774
,331,,,,0.8199135065078735
,332,,,,0.8006880879402161
,333,,,,0.7886494994163513
,334,,,,0.8239433765411377
,335,,,,0.702699601650238
,336,,,,0.6879015564918518
,337,,,,0.785791277885437
,338,,,,0.6930257081985474
,339,,,,0.712558925151825
,340,,,,0.694064199924469
,341,,,,0.8069226145744324
,342,,,,0.70751953125
,343,,,,0.8147167563438416
,344,,,,0.7994919419288635
,345,,,,0.9115233421325684
,346,,,,0.7486667633056641
,347,,,,0.7650042176246643
,348,,,,0.8346083760261536
,349,,,,0.9719192385673523
,350,,,,0.822130024433136
,351,,,,0.876115083694458
,352,,,,0.7239639163017273
,353,,,,0.7064617872238159
,354,,,,0.8010919094085693
,355,,,,0.7302588820457458
,356,,,,0.71088707447052
,357,,,,0.7422231435775757
,358,,,,0.8512164354324341
,359,,,,0.7237718105316162
,360,,,,0.7252509593963623
,361,,,,0.7047948241233826
,362,,,,0.669818103313446
,363,,,,0.7770980000495911
,364,,,,0.7480579018592834
,365,,,,0.7430435419082642
,366,,,,0.713442862033844
,367,,,,0.7866098880767822
,368,,,,0.6858158707618713
,369,,,,0.7172073721885681
,370,,,,0.7459967136383057
,371,,,,0.8461675643920898
,372,,,,0.8165870904922485
,373,,,,0.8680434226989746
,374,,,,0.9470175504684448
,375,,,,0.8698176741600037
,376,,,,0.7103392481803894
,377,,,,0.8088101744651794
,378,,,,0.7142677903175354
,379,,,,0.7441539168357849
3,1503,,,0.7587294578552246,
3,1503,0.7693763375282288,,,
4,1509,,0.8084923624992371,,
4,1519,,0.78365159034729,,
4,1529,,0.784835159778595,,
4,1539,,0.8011084794998169,,
4,1549,,0.7342125177383423,,
4,1559,,0.7336799502372742,,
4,1569,,0.7167491912841797,,
4,1579,,0.7894672751426697,,
4,1589,,0.7195006608963013,,
4,1599,,0.6868095397949219,,
4,1609,,0.8152208924293518,,
4,1619,,0.6939122080802917,,
4,1629,,0.6975071430206299,,
4,1639,,0.7767937779426575,,
4,1649,,0.7114919424057007,,
4,1659,,0.6863459944725037,,
4,1669,,0.6946481466293335,,
4,1679,,0.7651870250701904,,
4,1689,,0.7950415015220642,,
4,1699,,0.6866112351417542,,
4,1709,,0.7883240580558777,,
4,1719,,0.8106759190559387,,
4,1729,,0.7858912944793701,,
4,1739,,0.7673640847206116,,
4,1749,,0.7827728390693665,,
4,1759,,0.6568126678466797,,
4,1769,,0.776058554649353,,
4,1779,,0.8153008818626404,,
4,1789,,0.7942437529563904,,
4,1799,,0.7768176198005676,,
4,1809,,0.6799196600914001,,
4,1819,,0.6539979577064514,,
4,1829,,0.8039878010749817,,
4,1839,,0.7787561416625977,,
4,1849,,0.7828157544136047,,
4,1859,,0.6784650683403015,,
4,1869,,0.7878275513648987,,
4,1879,,0.6697143316268921,,
,380,,,,0.7795825004577637
,381,,,,0.6925639510154724
,382,,,,0.7841503620147705
,383,,,,0.7629185318946838
,384,,,,0.6711447238922119
,385,,,,0.7004648447036743
,386,,,,0.7994847893714905
,387,,,,0.8122732639312744
,388,,,,0.6717840433120728
,389,,,,0.7003703713417053
,390,,,,0.6823626756668091
,391,,,,0.6400527358055115
,392,,,,0.7207462787628174
,393,,,,0.7455722689628601
,394,,,,0.6844273209571838
,395,,,,0.6674456596374512
,396,,,,0.7261394262313843
,397,,,,0.6429179906845093
,398,,,,0.726992666721344
,399,,,,0.6762970089912415
,400,,,,0.6974923014640808
,401,,,,0.753173291683197
,402,,,,0.7941318154335022
,403,,,,0.6884721517562866
,404,,,,0.7073130011558533
,405,,,,0.7808016538619995
,406,,,,0.6756953597068787
,407,,,,0.6782878041267395
,408,,,,0.6911319494247437
,409,,,,0.6755814552307129
,410,,,,0.765067458152771
,411,,,,0.7465916872024536
,412,,,,0.8012065887451172
,413,,,,0.6945584416389465
,414,,,,0.7476965188980103
,415,,,,0.7881894707679749
,416,,,,0.7417346239089966
,417,,,,0.6729705929756165
,418,,,,0.6673687100410461
,419,,,,0.6418882608413696
,420,,,,0.6651610136032104
,421,,,,0.7640460133552551
,422,,,,0.7966817021369934
,423,,,,0.7989187836647034
,424,,,,0.7807891368865967
,425,,,,0.6952418684959412
,426,,,,0.8017646074295044
,427,,,,0.7765510082244873
,428,,,,0.764432966709137
,429,,,,0.8034316301345825
,430,,,,0.6747626662254333
,431,,,,0.6627438068389893
,432,,,,0.7646080851554871
,433,,,,0.6784163117408752
,434,,,,0.7041323184967041
,435,,,,0.6689864993095398
,436,,,,0.7926876544952393
,437,,,,0.6620786786079407
,438,,,,0.7936435341835022
,439,,,,0.775296151638031
,440,,,,0.8837037682533264
,441,,,,0.7105147242546082
,442,,,,0.735470175743103
,443,,,,0.8091363906860352
,444,,,,0.9571892023086548
,445,,,,0.8242725133895874
,446,,,,0.8574494123458862
,447,,,,0.6921912431716919
,448,,,,0.6716902852058411
,449,,,,0.7846536636352539
,450,,,,0.6937586069107056
,451,,,,0.6746976375579834
,452,,,,0.7009924650192261
,453,,,,0.8352578282356262
,454,,,,0.6940679550170898
,455,,,,0.6980282068252563
,456,,,,0.6686397194862366
,457,,,,0.6378372311592102
,458,,,,0.7578829526901245
,459,,,,0.7265271544456482
,460,,,,0.7204383015632629
,461,,,,0.6943420171737671
,462,,,,0.7746508121490479
,463,,,,0.6578023433685303
,464,,,,0.6995642781257629
,465,,,,0.7300556302070618
,466,,,,0.8089578151702881
,467,,,,0.7958728075027466
,468,,,,0.8381026983261108
,469,,,,0.9264996647834778
,470,,,,0.8519461154937744
,471,,,,0.6869044303894043
,472,,,,0.7953682541847229
,473,,,,0.6893496513366699
,474,,,,0.7228143811225891
4,1879,,,0.7361992597579956,
4,1879,0.7436516284942627,,,
5,1889,,0.7960620522499084,,
5,1899,,0.7136500477790833,,
5,1909,,0.7276749610900879,,
5,1919,,0.6681404113769531,,
5,1929,,0.7737734317779541,,
5,1939,,0.7993254661560059,,
5,1949,,0.6910536289215088,,
5,1959,,0.7129619121551514,,
5,1969,,0.8085907101631165,,
5,1979,,0.7636393308639526,,
5,1989,,0.6283541321754456,,
5,1999,,0.75348299741745,,
5,2009,,0.6910812258720398,,
5,2019,,0.7355835437774658,,
5,2029,,0.6995700597763062,,
5,2039,,0.7860079407691956,,
5,2049,,0.7791529893875122,,
5,2059,,0.6302706003189087,,
5,2069,,0.687512993812561,,
5,2079,,0.6692234873771667,,
5,2089,,0.8209508657455444,,
5,2099,,0.6739810109138489,,
5,2109,,0.7786374688148499,,
5,2119,,0.7924501299858093,,
5,2129,,0.7158260941505432,,
5,2139,,0.6742885708808899,,
5,2149,,0.7399282455444336,,
5,2159,,0.7007094621658325,,
5,2169,,0.7702446579933167,,
5,2179,,0.7080013155937195,,
5,2189,,0.6589840650558472,,
5,2199,,0.664924681186676,,
5,2209,,0.678943395614624,,
5,2219,,0.7267031669616699,,
5,2229,,0.7365187406539917,,
5,2239,,0.7847403883934021,,
5,2249,,0.7587231397628784,,
,475,,,,0.763231635093689
,476,,,,0.6701943874359131
,477,,,,0.7654534578323364
,478,,,,0.7410916686058044
,479,,,,0.6510980129241943
,480,,,,0.6819480061531067
,481,,,,0.7853648066520691
,482,,,,0.80144864320755
,483,,,,0.6540798544883728
,484,,,,0.6772244572639465
,485,,,,0.6674041748046875
,486,,,,0.6229032874107361
,487,,,,0.6987825036048889
,488,,,,0.7305390238761902
,489,,,,0.6625638604164124
,490,,,,0.6438689231872559
,491,,,,0.7084563374519348
,492,,,,0.6203617453575134
,493,,,,0.7065281867980957
,494,,,,0.6585716605186462
,495,,,,0.6874521970748901
,496,,,,0.7383368015289307
,497,,,,0.7791200280189514
,498,,,,0.6772205829620361
,499,,,,0.692654550075531
,500,,,,0.7676920890808105
,501,,,,0.6590299010276794
,502,,,,0.6667544841766357
,503,,,,0.6743473410606384
,504,,,,0.644721508026123
,505,,,,0.7444716691970825
,506,,,,0.7246875166893005
,507,,,,0.7875092625617981
,508,,,,0.6713938117027283
,509,,,,0.7273496985435486
,510,,,,0.7730106115341187
,511,,,,0.7137884497642517
,512,,,,0.6490495800971985
,513,,,,0.643709123134613
,514,,,,0.6202998757362366
,515,,,,0.6421818733215332
,516,,,,0.7444828748703003
,517,,,,0.7851629853248596
,518,,,,0.7819669842720032
,519,,,,0.7714570164680481
,520,,,,0.676057755947113
,521,,,,0.7901766896247864
,522,,,,0.7617472410202026
,523,,,,0.7481547594070435
,524,,,,0.7766662240028381
,525,,,,0.6631329655647278
,526,,,,0.64400714635849
,527,,,,0.7489407062530518
,528,,,,0.6469605565071106
,529,,,,0.6719153523445129
,530,,,,0.6382110118865967
,531,,,,0.790481686592102
,532,,,,0.6461024880409241
,533,,,,0.7774116396903992
,534,,,,0.7569607496261597
,535,,,,0.8629358410835266
,536,,,,0.6999046802520752
,537,,,,0.7120835781097412
,538,,,,0.7870002388954163
,539,,,,0.9116778373718262
,540,,,,0.7511385679244995
,541,,,,0.8403767347335815
,542,,,,0.6808484792709351
,543,,,,0.6569988131523132
,544,,,,0.775215744972229
,545,,,,0.6833398938179016
,546,,,,0.6626028418540955
,547,,,,0.6925720572471619
,548,,,,0.8124829530715942
,549,,,,0.6754506826400757
,550,,,,0.6751024127006531
,551,,,,0.6530715823173523
,552,,,,0.6203122138977051
,553,,,,0.7420669198036194
,554,,,,0.7098376154899597
,555,,,,0.7061893939971924
,556,,,,0.684407114982605
,557,,,,0.7687248587608337
,558,,,,0.6397853493690491
,559,,,,0.6729189157485962
,560,,,,0.704790472984314
,561,,,,0.7755825519561768
,562,,,,0.7841490507125854
,563,,,,0.8036730289459229
,564,,,,0.8727666735649109
,565,,,,0.8355952501296997
,566,,,,0.65817791223526
,567,,,,0.7858311533927917
,568,,,,0.6788294315338135
,569,,,,0.7047642469406128
5,2255,,,0.7169153690338135,
5,2255,0.718648374080658,,,
6,2259,,0.7506107091903687,,
6,2269,,0.7721236348152161,,
6,2279,,0.67697674036026,,
6,2289,,0.6595954298973083,,
6,2299,,0.6499648094177246,,
6,2309,,0.6413902640342712,,
6,2319,,0.8004500865936279,,
6,2329,,0.755131185054779,,
6,2339,,0.8040957450866699,,
6,2349,,0.6526668667793274,,
6,2359,,0.7953023314476013,,
6,2369,,0.7213650941848755,,
6,2379,,0.7846350073814392,,
6,2389,,0.7391355633735657,,
6,2399,,0.6435836553573608,,
6,2409,,0.6815731525421143,,
6,2419,,0.6684417724609375,,
6,2429,,0.6373197436332703,,
6,2439,,0.7655747532844543,,
6,2449,,0.6398631930351257,,
6,2459,,0.69403475522995,,
6,2469,,0.6058048009872437,,
6,2479,,0.7524014115333557,,
6,2489,,0.784837007522583,,
6,2499,,0.6363861560821533,,
6,2509,,0.6569026708602905,,
6,2519,,0.7349172830581665,,
6,2529,,0.7532429695129395,,
6,2539,,0.6210048794746399,,
6,2549,,0.674652636051178,,
6,2559,,0.7777244448661804,,
6,2569,,0.724402904510498,,
6,2579,,0.663088321685791,,
6,2589,,0.7402359247207642,,
6,2599,,0.7669516205787659,,
6,2609,,0.7706612944602966,,
6,2619,,0.6407093405723572,,
6,2629,,0.6208887100219727,,
,570,,,,0.743697464466095
,571,,,,0.6487242579460144
,572,,,,0.7499447464942932
,573,,,,0.7185914516448975
,574,,,,0.6366849541664124
,575,,,,0.6581939458847046
,576,,,,0.761967122554779
,577,,,,0.7832860350608826
,578,,,,0.6370532512664795
,579,,,,0.6590440273284912
,580,,,,0.6401079297065735
,581,,,,0.6011395454406738
,582,,,,0.6710646152496338
,583,,,,0.7089689373970032
,584,,,,0.6379162669181824
,585,,,,0.6298967599868774
,586,,,,0.6821626424789429
,587,,,,0.5995106101036072
,588,,,,0.6829698085784912
,589,,,,0.6298680901527405
,590,,,,0.6573533415794373
,591,,,,0.7233434319496155
,592,,,,0.7734242677688599
,593,,,,0.63863205909729
,594,,,,0.6611018776893616
,595,,,,0.7495348453521729
,596,,,,0.6234074831008911
,597,,,,0.6287960410118103
,598,,,,0.6430995464324951
,599,,,,0.6236611008644104
,600,,,,0.7235610485076904
,601,,,,0.699051558971405
,602,,,,0.7654475569725037
,603,,,,0.6501885056495667
,604,,,,0.705603301525116
,605,,,,0.749039888381958
,606,,,,0.685204803943634
,607,,,,0.6308291554450989
,608,,,,0.6250560283660889
,609,,,,0.6121995449066162
,610,,,,0.6257218718528748
,611,,,,0.7228573560714722
,612,,,,0.7666512131690979
,613,,,,0.7739578485488892
,614,,,,0.76064133644104
,615,,,,0.6500813961029053
,616,,,,0.7823122143745422
,617,,,,0.7613050937652588
,618,,,,0.7527233362197876
,619,,,,0.7867099642753601
,620,,,,0.6221722364425659
,621,,,,0.6146063804626465
,622,,,,0.7480899691581726
,623,,,,0.6296641826629639
,624,,,,0.6687647700309753
,625,,,,0.6234997510910034
,626,,,,0.7723615169525146
,627,,,,0.6144420504570007
,628,,,,0.7668754458427429
,629,,,,0.7625613212585449
,630,,,,0.8860054612159729
,631,,,,0.6682565808296204
,632,,,,0.7031518220901489
,633,,,,0.7940277457237244
,634,,,,0.9644343256950378
,635,,,,0.7775841355323792
,636,,,,0.858517587184906
,637,,,,0.6477533578872681
,638,,,,0.6234278678894043
,639,,,,0.7572962045669556
,640,,,,0.6438561677932739
,641,,,,0.6226781606674194
,642,,,,0.6538425087928772
,643,,,,0.8152431845664978
,644,,,,0.6541100740432739
,645,,,,0.6568055748939514
,646,,,,0.6320518255233765
,647,,,,0.5951162576675415
,648,,,,0.7334641218185425
,649,,,,0.6868900656700134
,650,,,,0.6899389028549194
,651,,,,0.6509418487548828
,652,,,,0.7527520656585693
,653,,,,0.6227762699127197
,654,,,,0.6722639799118042
,655,,,,0.7073549628257751
,656,,,,0.7994851469993591
,657,,,,0.7748464941978455
,658,,,,0.8312280774116516
,659,,,,0.9491060972213745
,660,,,,0.8538246154785156
,661,,,,0.6525052785873413
,662,,,,0.7738208770751953
,663,,,,0.649436354637146
,664,,,,0.68031245470047
6,2631,,,0.7021915912628174,
6,2631,0.7019600868225098,,,
7,2639,,0.7528249025344849,,
7,2649,,0.7917751669883728,,
7,2659,,0.726959228515625,,
7,2669,,0.6190372109413147,,
7,2679,,0.7184012532234192,,
7,2689,,0.7097230553627014,,
7,2699,,0.7679234743118286,,
7,2709,,0.6737217903137207,,
7,2719,,0.6422158479690552,,
7,2729,,0.6408914923667908,,
7,2739,,0.7071606516838074,,
7,2749,,0.6586054563522339,,
7,2759,,0.6453922986984253,,
7,2769,,0.6513386368751526,,
7,2779,,0.7017515301704407,,
7,2789,,0.6406295299530029,,
7,2799,,0.699964702129364,,
7,2809,,0.754119873046875,,
7,2819,,0.6912890672683716,,
7,2829,,0.6331928968429565,,
7,2839,,0.621730625629425,,
7,2849,,0.718641459941864,,
7,2859,,0.7565258741378784,,
7,2869,,0.6133674383163452,,
7,2879,,0.7368178367614746,,
7,2889,,0.7647046446800232,,
7,2899,,0.616934597492218,,
7,2909,,0.6516743302345276,,
7,2919,,0.7291811108589172,,
7,2929,,0.7044064402580261,,
7,2939,,0.6238294243812561,,
7,2949,,0.7736161351203918,,
7,2959,,0.7564463019371033,,
7,2969,,0.723455011844635,,
7,2979,,0.5962669849395752,,
7,2989,,0.6315062642097473,,
7,2999,,0.7476438879966736,,
,665,,,,0.7267429828643799
,666,,,,0.6434412598609924
,667,,,,0.7379223704338074
,668,,,,0.7016645669937134
,669,,,,0.6284914016723633
,670,,,,0.6591406464576721
,671,,,,0.7372500896453857
,672,,,,0.7653703093528748
,673,,,,0.6314660310745239
,674,,,,0.6500602960586548
,675,,,,0.6271121501922607
,676,,,,0.5833964943885803
,677,,,,0.6474213600158691
,678,,,,0.7001828551292419
,679,,,,0.6293911337852478
,680,,,,0.6258677244186401
,681,,,,0.6687893271446228
,682,,,,0.5850037932395935
,683,,,,0.6682277321815491
,684,,,,0.6213070154190063
,685,,,,0.6467794179916382
,686,,,,0.7196774482727051
,687,,,,0.783496081829071
,688,,,,0.6283486485481262
,689,,,,0.6477758884429932
,690,,,,0.7378552556037903
,691,,,,0.6091271042823792
,692,,,,0.6182419061660767
,693,,,,0.6353816986083984
,694,,,,0.6029417514801025
,695,,,,0.7075513601303101
,696,,,,0.680543065071106
,697,,,,0.7440056204795837
,698,,,,0.6410301923751831
,699,,,,0.6973224878311157
,700,,,,0.7243525385856628
,701,,,,0.6593493223190308
,702,,,,0.6109700202941895
,703,,,,0.6153652667999268
,704,,,,0.6014719605445862
,705,,,,0.6138086915016174
,706,,,,0.7048342823982239
,707,,,,0.7498695850372314
,708,,,,0.7796362638473511
,709,,,,0.7673260569572449
,710,,,,0.6405475735664368
,711,,,,0.7963404655456543
,712,,,,0.7906113266944885
,713,,,,0.785126268863678
,714,,,,0.8392423391342163
,715,,,,0.6090731620788574
,716,,,,0.6008257865905762
,717,,,,0.781182587146759
,718,,,,0.6267042756080627
,719,,,,0.6652037501335144
,720,,,,0.6100065112113953
,721,,,,0.7614060640335083
,722,,,,0.6051165461540222
,723,,,,0.7776942849159241
,724,,,,0.8101562857627869
,725,,,,0.9451323747634888
,726,,,,0.6533451080322266
,727,,,,0.7250569462776184
,728,,,,0.8461318016052246
,729,,,,1.0837606191635132
,730,,,,0.7526799440383911
,731,,,,0.9243237376213074
,732,,,,0.6361673474311829
,733,,,,0.6059332489967346
,734,,,,0.7522770166397095
,735,,,,0.6275705695152283
,736,,,,0.6070436239242554
,737,,,,0.6446542143821716
,738,,,,0.8500574827194214
,739,,,,0.635720431804657
,740,,,,0.6385322213172913
,741,,,,0.6244835257530212
,742,,,,0.57466721534729
,743,,,,0.745754063129425
,744,,,,0.6768394112586975
,745,,,,0.6896868944168091
,746,,,,0.6445847153663635
,747,,,,0.743964672088623
,748,,,,0.6067079901695251
,749,,,,0.6470341086387634
,750,,,,0.6916381120681763
,751,,,,0.8682594895362854
,752,,,,0.7908797264099121
,753,,,,0.9257568120956421
,754,,,,1.1078613996505737
,755,,,,0.914840579032898
,756,,,,0.6360814571380615
,757,,,,0.7779722809791565
,758,,,,0.6394436359405518
,759,,,,0.6637684106826782
7,3007,,,0.7031065225601196,
7,3007,0.6860432624816895,,,
8,3009,,0.8017773628234863,,
8,3019,,0.6634186506271362,,
8,3029,,0.7287799715995789,,
8,3039,,0.6152060031890869,,
8,3049,,0.6331833600997925,,
8,3059,,0.6472172737121582,,
8,3069,,0.7437431216239929,,
8,3079,,0.6044291853904724,,
8,3089,,0.6222343444824219,,
8,3099,,0.7130399942398071,,
8,3109,,0.6805563569068909,,
8,3119,,0.6535125374794006,,
8,3129,,0.7509396076202393,,
8,3139,,0.5840071439743042,,
8,3149,,0.5992328524589539,,
8,3159,,0.7132967114448547,,
8,3169,,0.6362254023551941,,
8,3179,,0.7239997982978821,,
8,3189,,0.7131785154342651,,
8,3199,,0.6269270181655884,,
8,3209,,0.616237223148346,,
8,3219,,0.6149972081184387,,
8,3229,,0.6190817952156067,,
8,3239,,0.7155924439430237,,
8,3249,,0.6476329565048218,,
8,3259,,0.6311055421829224,,
8,3269,,0.6095042824745178,,
8,3279,,0.7172013521194458,,
8,3289,,0.6318653225898743,,
8,3299,,0.6215071678161621,,
8,3309,,0.7630433440208435,,
8,3319,,0.6645745635032654,,
8,3329,,0.6312063932418823,,
8,3339,,0.7124447822570801,,
8,3349,,0.6905243396759033,,
8,3359,,0.7565087080001831,,
8,3369,,0.7523912787437439,,
8,3379,,0.7287553548812866,,
,760,,,,0.7203218340873718
,761,,,,0.6412645578384399
,762,,,,0.7310296297073364
,763,,,,0.692905843257904
,764,,,,0.6227982640266418
,765,,,,0.6589294075965881
,766,,,,0.7250692248344421
,767,,,,0.7582201957702637
,768,,,,0.6262803077697754
,769,,,,0.6442215442657471
,770,,,,0.6198031902313232
,771,,,,0.5829718112945557
,772,,,,0.6349473595619202
,773,,,,0.6910088062286377
,774,,,,0.627744197845459
,775,,,,0.6299113035202026
,776,,,,0.6576026082038879
,777,,,,0.5828030109405518
,778,,,,0.6582767367362976
,779,,,,0.6005772948265076
,780,,,,0.635124921798706
,781,,,,0.716189444065094
,782,,,,0.7804873585700989
,783,,,,0.6110977530479431
,784,,,,0.6336774826049805
,785,,,,0.7302990555763245
,786,,,,0.5930745005607605
,787,,,,0.6082291007041931
,788,,,,0.6215806007385254
,789,,,,0.5788472890853882
,790,,,,0.6977094411849976
,791,,,,0.6694057583808899
,792,,,,0.7350934147834778
,793,,,,0.6228232979774475
,794,,,,0.686783492565155
,795,,,,0.7073137760162354
,796,,,,0.6469838619232178
,797,,,,0.5905174612998962
,798,,,,0.6120073199272156
,799,,,,0.6101372241973877
,800,,,,0.6080297827720642
,801,,,,0.6951485872268677
,802,,,,0.7423409819602966
,803,,,,0.7741643190383911
,804,,,,0.7656793594360352
,805,,,,0.6536235213279724
,806,,,,0.7894980907440186
,807,,,,0.7810443043708801
,808,,,,0.7813937664031982
,809,,,,0.8286526799201965
,810,,,,0.5960196256637573
,811,,,,0.6009329557418823
,812,,,,0.7758788466453552
,813,,,,0.6441722512245178
,814,,,,0.6919898390769958
,815,,,,0.6226730942726135
,816,,,,0.7578080892562866
,817,,,,0.6030704379081726
,818,,,,0.7712187170982361
,819,,,,0.8047098517417908
,820,,,,0.9155362248420715
,821,,,,0.6418356895446777
,822,,,,0.7203913927078247
,823,,,,0.8498712182044983
,824,,,,1.0728501081466675
,825,,,,0.756896436214447
,826,,,,0.9233166575431824
,827,,,,0.6220925450325012
,828,,,,0.5999641418457031
,829,,,,0.7420305013656616
,830,,,,0.6052446365356445
,831,,,,0.5909425020217896
,832,,,,0.6333589553833008
,833,,,,0.8483954668045044
,834,,,,0.6364789009094238
,835,,,,0.6411947011947632
,836,,,,0.6255394220352173
,837,,,,0.5741289258003235
,838,,,,0.7355139255523682
,839,,,,0.6650199890136719
,840,,,,0.6857002377510071
,841,,,,0.6503129005432129
,842,,,,0.7375825643539429
,843,,,,0.6099690198898315
,844,,,,0.6506156325340271
,845,,,,0.7076764106750488
,846,,,,0.8429689407348633
,847,,,,0.7897999286651611
,848,,,,0.9289937019348145
,849,,,,1.0737906694412231
,850,,,,0.9244396686553955
,851,,,,0.6456321477890015
,852,,,,0.7670915722846985
,853,,,,0.6307650208473206
,854,,,,0.653336763381958
8,3383,,,0.6970197558403015,
8,3383,0.6799722909927368,,,
9,3389,,0.6806479096412659,,
9,3399,,0.6200799345970154,,
9,3409,,0.6483863592147827,,
9,3419,,0.6557134389877319,,
9,3429,,0.619782030582428,,
9,3439,,0.7253151535987854,,
9,3449,,0.6714584827423096,,
9,3459,,0.6251474618911743,,
9,3469,,0.6181280612945557,,
9,3479,,0.7178251147270203,,
9,3489,,0.6380106806755066,,
9,3499,,0.7515092492103577,,
9,3509,,0.6061384081840515,,
9,3519,,0.6273228526115417,,
9,3529,,0.6195709705352783,,
9,3539,,0.6228335499763489,,
9,3549,,0.6398575901985168,,
9,3559,,0.6418839693069458,,
9,3569,,0.7321165204048157,,
9,3579,,0.6386222839355469,,
9,3589,,0.6714573502540588,,
9,3599,,0.6849918961524963,,
9,3609,,0.6270285248756409,,
9,3619,,0.6114321351051331,,
9,3629,,0.6076172590255737,,
9,3639,,0.6158114671707153,,
9,3649,,0.7429874539375305,,
9,3659,,0.5853691697120667,,
9,3669,,0.6875868439674377,,
9,3679,,0.6203473806381226,,
9,3689,,0.7750064134597778,,
9,3699,,0.5935567617416382,,
9,3709,,0.6593875288963318,,
9,3719,,0.8074629306793213,,
9,3729,,0.6205956339836121,,
9,3739,,0.6088610887527466,,
9,3749,,0.5681715607643127,,
9,3759,,0.7316586971282959,,
,855,,,,0.7244642972946167
,856,,,,0.6209563612937927
,857,,,,0.725965142250061
,858,,,,0.6944757699966431
,859,,,,0.6084222793579102
,860,,,,0.6388818025588989
,861,,,,0.7422150373458862
,862,,,,0.7726067900657654
,863,,,,0.6091554760932922
,864,,,,0.6259676218032837
,865,,,,0.6046841740608215
,866,,,,0.5616906881332397
,867,,,,0.6462201476097107
,868,,,,0.6931520104408264
,869,,,,0.6042923331260681
,870,,,,0.6009474992752075
,871,,,,0.663984477519989
,872,,,,0.560660183429718
,873,,,,0.6605944037437439
,874,,,,0.5914121866226196
,875,,,,0.625993013381958
,876,,,,0.7056241631507874
,877,,,,0.7489060163497925
,878,,,,0.6117871999740601
,879,,,,0.6359559893608093
,880,,,,0.7357521653175354
,881,,,,0.5861843824386597
,882,,,,0.6017784476280212
,883,,,,0.6193516850471497
,884,,,,0.5772913694381714
,885,,,,0.7015172839164734
,886,,,,0.6744376420974731
,887,,,,0.7508722543716431
,888,,,,0.6142744421958923
,889,,,,0.6779821515083313
,890,,,,0.7224809527397156
,891,,,,0.6577255129814148
,892,,,,0.5844120383262634
,893,,,,0.595632791519165
,894,,,,0.5742260217666626
,895,,,,0.591292142868042
,896,,,,0.6994544267654419
,897,,,,0.7571496367454529
,898,,,,0.7476614713668823
,899,,,,0.7477902770042419
,900,,,,0.6226236820220947
,901,,,,0.7612910270690918
,902,,,,0.7334921360015869
,903,,,,0.718418538570404
,904,,,,0.7377247214317322
,905,,,,0.5931989550590515
,906,,,,0.580176055431366
,907,,,,0.7208454012870789
,908,,,,0.5833153128623962
,909,,,,0.628244161605835
,910,,,,0.5836544632911682
,911,,,,0.7710888981819153
,912,,,,0.5812242031097412
,913,,,,0.742311418056488
,914,,,,0.7116453647613525
,915,,,,0.8131355047225952
,916,,,,0.6366134285926819
,917,,,,0.6622865200042725
,918,,,,0.7458516955375671
,919,,,,0.8707275390625
,920,,,,0.6801341772079468
,921,,,,0.8214626312255859
,922,,,,0.6190958023071289
,923,,,,0.5870065093040466
,924,,,,0.7479434609413147
,925,,,,0.613508403301239
,926,,,,0.5973045229911804
,927,,,,0.6324761509895325
,928,,,,0.7878825664520264
,929,,,,0.611099123954773
,930,,,,0.6109707951545715
,931,,,,0.5998840928077698
,932,,,,0.5488832592964172
,933,,,,0.7079488635063171
,934,,,,0.6690454483032227
,935,,,,0.6693203449249268
,936,,,,0.6304530501365662
,937,,,,0.7474731206893921
,938,,,,0.5788685083389282
,939,,,,0.6156318187713623
,940,,,,0.6640541553497314
,941,,,,0.733279824256897
,942,,,,0.7629191279411316
,943,,,,0.7706849575042725
,944,,,,0.8223294019699097
,945,,,,0.810766875743866
,946,,,,0.6075289249420166
,947,,,,0.760055661201477
,948,,,,0.6204010844230652
,949,,,,0.6631340384483337
9,3759,,,0.6693764925003052,
9,3759,0.6686707139015198,,,
10,3769,,0.6023672223091125,,
10,3779,,0.6273895502090454,,
10,3789,,0.6059446334838867,,
10,3799,,0.60017991065979,,
10,3809,,0.5902829766273499,,
10,3819,,0.6222661733627319,,
10,3829,,0.6077104210853577,,
10,3839,,0.5982935428619385,,
10,3849,,0.5646401047706604,,
10,3859,,0.6196161508560181,,
10,3869,,0.7057329416275024,,
10,3879,,0.752037525177002,,
10,3889,,0.6112397313117981,,
10,3899,,0.6842473745346069,,
10,3909,,0.6051812767982483,,
10,3919,,0.5651980042457581,,
10,3929,,0.5946478247642517,,
10,3939,,0.6315687298774719,,
10,3949,,0.7282381653785706,,
10,3959,,0.74336177110672,,
10,3969,,0.7472811937332153,,
10,3979,,0.7363784313201904,,
10,3989,,0.6982466578483582,,
10,3999,,0.6608065962791443,,
10,4009,,0.7314541935920715,,
10,4019,,0.640450119972229,,
10,4029,,0.5667341351509094,,
10,4039,,0.642570436000824,,
10,4049,,0.6126123666763306,,
10,4059,,0.6940227746963501,,
10,4069,,0.7166685461997986,,
10,4079,,0.6898471117019653,,
10,4089,,0.6361786127090454,,
10,4099,,0.7405654191970825,,
10,4109,,0.7016407251358032,,
10,4119,,0.6056080460548401,,
10,4129,,0.7545678019523621,,
,950,,,,0.7144226431846619
,951,,,,0.6138966083526611
,952,,,,0.7168606519699097
,953,,,,0.6840092539787292
,954,,,,0.6011372208595276
,955,,,,0.6337841153144836
,956,,,,0.7216460704803467
,957,,,,0.7601589560508728
,958,,,,0.6007280945777893
,959,,,,0.6206437349319458
,960,,,,0.5907659530639648
,961,,,,0.5549001097679138
,962,,,,0.6283340454101562
,963,,,,0.6849833726882935
,964,,,,0.6013461351394653
,965,,,,0.6117677688598633
,966,,,,0.6500058770179749
,967,,,,0.5562143921852112
,968,,,,0.6491822004318237
,969,,,,0.5777291655540466
,970,,,,0.6253679990768433
,971,,,,0.6963633894920349
,972,,,,0.7457135915756226
,973,,,,0.5903155207633972
,974,,,,0.6095468401908875
,975,,,,0.7259271144866943
,976,,,,0.5649402737617493
,977,,,,0.5740203857421875
,978,,,,0.6007356643676758
,979,,,,0.5651282072067261
,980,,,,0.6902223229408264
,981,,,,0.6634660959243774
,982,,,,0.7361503839492798
,983,,,,0.5961487889289856
,984,,,,0.6661589741706848
,985,,,,0.6954954266548157
,986,,,,0.642515242099762
,987,,,,0.5716657042503357
,988,,,,0.5946133732795715
,989,,,,0.578173041343689
,990,,,,0.5928941965103149
,991,,,,0.68598473072052
,992,,,,0.7375738620758057
,993,,,,0.7527205348014832
,994,,,,0.7440961599349976
,995,,,,0.6206026077270508
,996,,,,0.7589149475097656
,997,,,,0.7367088198661804
,998,,,,0.7253695130348206
,999,,,,0.7525462508201599
,1000,,,,0.5708816647529602
,1001,,,,0.567952573299408
,1002,,,,0.7273963689804077
,1003,,,,0.5864770412445068
,1004,,,,0.6664108633995056
,1005,,,,0.5971571803092957
,1006,,,,0.7468113303184509
,1007,,,,0.5757202506065369
,1008,,,,0.7383800745010376
,1009,,,,0.7327451109886169
,1010,,,,0.8290004134178162
,1011,,,,0.6158721446990967
,1012,,,,0.6639020442962646
,1013,,,,0.7702672481536865
,1014,,,,0.9351611733436584
,1015,,,,0.7369844317436218
,1016,,,,0.8379552364349365
,1017,,,,0.6049831509590149
,1018,,,,0.5803042650222778
,1019,,,,0.726723313331604
,1020,,,,0.5979067087173462
,1021,,,,0.5754795670509338
,1022,,,,0.6106473207473755
,1023,,,,0.7971587181091309
,1024,,,,0.6068098545074463
,1025,,,,0.6344360113143921
,1026,,,,0.5871235132217407
,1027,,,,0.5552889108657837
,1028,,,,0.706226646900177
,1029,,,,0.6515281200408936
,1030,,,,0.6645190715789795
,1031,,,,0.6255722641944885
,1032,,,,0.7364816069602966
,1033,,,,0.580079972743988
,1034,,,,0.6233594417572021
,1035,,,,0.708877444267273
,1036,,,,0.745775043964386
,1037,,,,0.7604897022247314
,1038,,,,0.8052836060523987
,1039,,,,0.8696883916854858
,1040,,,,0.8380820751190186
,1041,,,,0.6290257573127747
,1042,,,,0.7560154795646667
,1043,,,,0.6182204484939575
,1044,,,,0.6517671942710876
10,4135,,,0.6670733690261841,
10,4135,0.6617897748947144,,,
11,4139,,0.5966375470161438,,
11,4149,,0.7000666260719299,,
11,4159,,0.7078258991241455,,
11,4169,,0.7622451782226562,,
11,4179,,0.6163475513458252,,
11,4189,,0.5415195226669312,,
11,4199,,0.5814831256866455,,
11,4209,,0.7072815299034119,,
11,4219,,0.6333153247833252,,
11,4229,,0.5792028903961182,,
11,4239,,0.715444028377533,,
11,4249,,0.6206904053688049,,
11,4259,,0.7017804980278015,,
11,4269,,0.6005034446716309,,
11,4279,,0.5762267708778381,,
11,4289,,0.7180484533309937,,
11,4299,,0.6648588180541992,,
11,4309,,0.6077458262443542,,
11,4319,,0.7071806788444519,,
11,4329,,0.7028791904449463,,
11,4339,,0.7286750674247742,,
11,4349,,0.7341233491897583,,
11,4359,,0.545961856842041,,
11,4369,,0.7824223041534424,,
11,4379,,0.7803642153739929,,
11,4389,,0.5707548260688782,,
11,4399,,0.7487993240356445,,
11,4409,,0.5647600889205933,,
11,4419,,0.5808015465736389,,
11,4429,,0.5568176507949829,,
11,4439,,0.6089090704917908,,
11,4449,,0.7101179361343384,,
11,4459,,0.5394062995910645,,
11,4469,,0.7183154821395874,,
11,4479,,0.7240416407585144,,
11,4489,,0.612540602684021,,
11,4499,,0.7081863880157471,,
11,4509,,0.5872375965118408,,
,1045,,,,0.7111823558807373
,1046,,,,0.6062739491462708
,1047,,,,0.7130679488182068
,1048,,,,0.6817836165428162
,1049,,,,0.5958024263381958
,1050,,,,0.6241282820701599
,1051,,,,0.7190805673599243
,1052,,,,0.7560173273086548
,1053,,,,0.5934516191482544
,1054,,,,0.613213300704956
,1055,,,,0.5834096074104309
,1056,,,,0.5464770793914795
,1057,,,,0.6247310042381287
,1058,,,,0.683057963848114
,1059,,,,0.5885019302368164
,1060,,,,0.5842777490615845
,1061,,,,0.6469182968139648
,1062,,,,0.5487868189811707
,1063,,,,0.6530150771141052
,1064,,,,0.5779240131378174
,1065,,,,0.6146387457847595
,1066,,,,0.7089034914970398
,1067,,,,0.7608375549316406
,1068,,,,0.5948152542114258
,1069,,,,0.6124860644340515
,1070,,,,0.7271470427513123
,1071,,,,0.5679346919059753
,1072,,,,0.5815792679786682
,1073,,,,0.5958043932914734
,1074,,,,0.5632114410400391
,1075,,,,0.6911569237709045
,1076,,,,0.661440372467041
,1077,,,,0.7241737842559814
,1078,,,,0.5941436886787415
,1079,,,,0.6738241314888
,1080,,,,0.6888365745544434
,1081,,,,0.6405806541442871
,1082,,,,0.5711333155632019
,1083,,,,0.5864198207855225
,1084,,,,0.5584244132041931
,1085,,,,0.5826029777526855
,1086,,,,0.684481143951416
,1087,,,,0.7325500845909119
,1088,,,,0.7589996457099915
,1089,,,,0.7542979121208191
,1090,,,,0.5972540974617004
,1091,,,,0.7721684575080872
,1092,,,,0.748582661151886
,1093,,,,0.7508374452590942
,1094,,,,0.7804856300354004
,1095,,,,0.5779080390930176
,1096,,,,0.5580074787139893
,1097,,,,0.7471613883972168
,1098,,,,0.5530018210411072
,1099,,,,0.6074637174606323
,1100,,,,0.567261278629303
,1101,,,,0.7617586255073547
,1102,,,,0.5793864130973816
,1103,,,,0.7524076700210571
,1104,,,,0.7492701411247253
,1105,,,,0.8496389985084534
,1106,,,,0.6223182082176208
,1107,,,,0.6911160349845886
,1108,,,,0.7954524755477905
,1109,,,,0.9846231341362
,1110,,,,0.6607677340507507
,1111,,,,0.8838221430778503
,1112,,,,0.6104862093925476
,1113,,,,0.5782289505004883
,1114,,,,0.7342463731765747
,1115,,,,0.6134178042411804
,1116,,,,0.588710367679596
,1117,,,,0.6232219934463501
,1118,,,,0.8292632699012756
,1119,,,,0.5948585271835327
,1120,,,,0.6018385887145996
,1121,,,,0.5843608379364014
,1122,,,,0.5357251763343811
,1123,,,,0.7059059143066406
,1124,,,,0.6596512198448181
,1125,,,,0.674521267414093
,1126,,,,0.6138490438461304
,1127,,,,0.7312782406806946
,1128,,,,0.5656383037567139
,1129,,,,0.5949572324752808
,1130,,,,0.6517763137817383
,1131,,,,0.7780422568321228
,1132,,,,0.7813705205917358
,1133,,,,0.8642371892929077
,1134,,,,0.931063711643219
,1135,,,,0.8841269612312317
,1136,,,,0.5905788540840149
,1137,,,,0.7563930153846741
,1138,,,,0.6078813672065735
,1139,,,,0.6508557200431824
11,4511,,,0.6676032543182373,
11,4511,0.6573910117149353,,,
12,4519,,0.6062132120132446,,
12,4529,,0.7047574520111084,,
12,4539,,0.5848638415336609,,
12,4549,,0.710943341255188,,
12,4559,,0.7527741193771362,,
12,4569,,0.5897205471992493,,
12,4579,,0.5911539196968079,,
12,4589,,0.5837857127189636,,
12,4599,,0.5896360278129578,,
12,4609,,0.6955620050430298,,
12,4619,,0.598056435585022,,
12,4629,,0.5672163367271423,,
12,4639,,0.7191008925437927,,
12,4649,,0.5950620770454407,,
12,4659,,0.608291745185852,,
12,4669,,0.6184623837471008,,
12,4679,,0.6702728271484375,,
12,4689,,0.6846286654472351,,
12,4699,,0.6870557069778442,,
12,4709,,0.5869360566139221,,
12,4719,,0.5480871796607971,,
12,4729,,0.7208889126777649,,
12,4739,,0.5490601062774658,,
12,4749,,0.7073019742965698,,
12,4759,,0.6767293810844421,,
12,4769,,0.6944928169250488,,
12,4779,,0.6402062773704529,,
12,4789,,0.690578818321228,,
12,4799,,0.690802812576294,,
12,4809,,0.6113042235374451,,
12,4819,,0.6801556944847107,,
12,4829,,0.5857093334197998,,
12,4839,,0.6154751777648926,,
12,4849,,0.7024625539779663,,
12,4859,,0.5654579401016235,,
12,4869,,0.664138913154602,,
12,4879,,0.7177038788795471,,
,1140,,,,0.7065028548240662
,1141,,,,0.6049640774726868
,1142,,,,0.708510160446167
,1143,,,,0.6748517751693726
,1144,,,,0.5902881622314453
,1145,,,,0.6234032511711121
,1146,,,,0.7124428153038025
,1147,,,,0.7509304881095886
,1148,,,,0.5887833833694458
,1149,,,,0.6100947856903076
,1150,,,,0.5793995261192322
,1151,,,,0.5356130599975586
,1152,,,,0.6172081232070923
,1153,,,,0.6800372004508972
,1154,,,,0.5854261517524719
,1155,,,,0.5947896242141724
,1156,,,,0.6436299681663513
,1157,,,,0.5451381802558899
,1158,,,,0.6405866742134094
,1159,,,,0.5611921548843384
,1160,,,,0.6114180088043213
,1161,,,,0.6954304575920105
,1162,,,,0.7537478804588318
,1163,,,,0.5766539573669434
,1164,,,,0.5972737073898315
,1165,,,,0.7201015949249268
,1166,,,,0.5542987585067749
,1167,,,,0.564143180847168
,1168,,,,0.592089831829071
,1169,,,,0.543458878993988
,1170,,,,0.6809582114219666
,1171,,,,0.6527179479598999
,1172,,,,0.7217824459075928
,1173,,,,0.5801432132720947
,1174,,,,0.6640247702598572
,1175,,,,0.68435138463974
,1176,,,,0.6252505779266357
,1177,,,,0.5521396398544312
,1178,,,,0.5825185179710388
,1179,,,,0.576615571975708
,1180,,,,0.5814287066459656
,1181,,,,0.6754499077796936
,1182,,,,0.7319733500480652
,1183,,,,0.7453523874282837
,1184,,,,0.7395239472389221
,1185,,,,0.6122210621833801
,1186,,,,0.7609617114067078
,1187,,,,0.7357462048530579
,1188,,,,0.7327873706817627
,1189,,,,0.7619191408157349
,1190,,,,0.5596034526824951
,1191,,,,0.5561648011207581
,1192,,,,0.7373007535934448
,1193,,,,0.5844858288764954
,1194,,,,0.6516501307487488
,1195,,,,0.579373836517334
,1196,,,,0.741481602191925
,1197,,,,0.559300422668457
,1198,,,,0.7366009950637817
,1199,,,,0.7341457009315491
,1200,,,,0.8437014818191528
,1201,,,,0.5986921787261963
,1202,,,,0.6701051592826843
,1203,,,,0.7687875628471375
,1204,,,,0.9541388154029846
,1205,,,,0.682651162147522
,1206,,,,0.8571250438690186
,1207,,,,0.5903627276420593
,1208,,,,0.5653234124183655
,1209,,,,0.7242316603660583
,1210,,,,0.5791574120521545
,1211,,,,0.5583017468452454
,1212,,,,0.596358060836792
,1213,,,,0.8019713163375854
,1214,,,,0.5905117392539978
,1215,,,,0.5948048830032349
,1216,,,,0.5765950679779053
,1217,,,,0.5422315001487732
,1218,,,,0.7094541192054749
,1219,,,,0.6468795537948608
,1220,,,,0.6622867584228516
,1221,,,,0.6122135519981384
,1222,,,,0.73200923204422
,1223,,,,0.5637829303741455
,1224,,,,0.6035172343254089
,1225,,,,0.6759224534034729
,1226,,,,0.7615687251091003
,1227,,,,0.7608582973480225
,1228,,,,0.8336044549942017
,1229,,,,0.895801305770874
,1230,,,,0.8554336428642273
,1231,,,,0.618148922920227
,1232,,,,0.7518707513809204
,1233,,,,0.602880597114563
,1234,,,,0.6428910493850708
12,4887,,,0.6593465805053711,
12,4887,0.6469389796257019,,,
13,4889,,0.6873964071273804,,
13,4899,,0.5703452229499817,,
13,4909,,0.5642068386077881,,
13,4919,,0.7110089063644409,,
13,4929,,0.6873325705528259,,
13,4939,,0.5984745621681213,,
13,4949,,0.5870755910873413,,
13,4959,,0.5448058247566223,,
13,4969,,0.7655876278877258,,
13,4979,,0.6957554817199707,,
13,4989,,0.5739201307296753,,
13,4999,,0.5509889721870422,,
13,5009,,0.6894688010215759,,
13,5019,,0.5850304961204529,,
13,5029,,0.6302968263626099,,
13,5039,,0.7166733741760254,,
13,5049,,0.6456330418586731,,
13,5059,,0.5405440926551819,,
13,5069,,0.6935740113258362,,
13,5079,,0.5944496989250183,,
13,5089,,0.636638343334198,,
13,5099,,0.5877270102500916,,
13,5109,,0.7086935043334961,,
13,5119,,0.6034911870956421,,
13,5129,,0.7557535767555237,,
13,5139,,0.6752341389656067,,
13,5149,,0.5689378380775452,,
13,5159,,0.7175537943840027,,
13,5169,,0.5782619714736938,,
13,5179,,0.7349059581756592,,
13,5189,,0.6676281690597534,,
13,5199,,0.5391497015953064,,
13,5209,,0.7564424872398376,,
13,5219,,0.6620100140571594,,
13,5229,,0.5378437042236328,,
13,5239,,0.5992452502250671,,
13,5249,,0.7153090238571167,,
13,5259,,0.7362897396087646,,
,1235,,,,0.7037715911865234
,1236,,,,0.6120622754096985
,1237,,,,0.7057643532752991
,1238,,,,0.6742253303527832
,1239,,,,0.5924553275108337
,1240,,,,0.6292696595191956
,1241,,,,0.7113716006278992
,1242,,,,0.75078946352005
,1243,,,,0.6026422381401062
,1244,,,,0.6216419339179993
,1245,,,,0.5930341482162476
,1246,,,,0.5455318689346313
,1247,,,,0.6162768006324768
,1248,,,,0.6743496060371399
,1249,,,,0.5865790247917175
,1250,,,,0.5699142813682556
,1251,,,,0.6368815302848816
,1252,,,,0.5529392957687378
,1253,,,,0.6377734541893005
,1254,,,,0.5805200934410095
,1255,,,,0.611947238445282
,1256,,,,0.6921797394752502
,1257,,,,0.7495101094245911
,1258,,,,0.6074826717376709
,1259,,,,0.6199508309364319
,1260,,,,0.7189483642578125
,1261,,,,0.5772579908370972
,1262,,,,0.588577926158905
,1263,,,,0.6084228754043579
,1264,,,,0.5879611372947693
,1265,,,,0.6812659502029419
,1266,,,,0.6542743444442749
,1267,,,,0.7163957357406616
,1268,,,,0.6061702966690063
,1269,,,,0.661535382270813
,1270,,,,0.6829374432563782
,1271,,,,0.629382312297821
,1272,,,,0.5853602290153503
,1273,,,,0.5790982246398926
,1274,,,,0.5375872850418091
,1275,,,,0.5835230350494385
,1276,,,,0.6762836575508118
,1277,,,,0.7248363494873047
,1278,,,,0.7383713126182556
,1279,,,,0.7364929914474487
,1280,,,,0.5875141620635986
,1281,,,,0.7593073844909668
,1282,,,,0.7338376045227051
,1283,,,,0.7289869785308838
,1284,,,,0.7589130401611328
,1285,,,,0.5799666047096252
,1286,,,,0.5597390532493591
,1287,,,,0.7308617830276489
,1288,,,,0.5410906672477722
,1289,,,,0.5730276107788086
,1290,,,,0.5539113879203796
,1291,,,,0.7435485124588013
,1292,,,,0.5760985016822815
,1293,,,,0.734667956829071
,1294,,,,0.7264567613601685
,1295,,,,0.839324414730072
,1296,,,,0.6180799603462219
,1297,,,,0.6679707765579224
,1298,,,,0.7680016756057739
,1299,,,,0.9441928863525391
,1300,,,,0.6327064037322998
,1301,,,,0.8532165288925171
,1302,,,,0.6099295616149902
,1303,,,,0.5734851956367493
,1304,,,,0.7253096103668213
,1305,,,,0.6208128333091736
,1306,,,,0.5952282547950745
,1307,,,,0.6163305044174194
,1308,,,,0.8000922203063965
,1309,,,,0.583325982093811
,1310,,,,0.5862789750099182
,1311,,,,0.5794504880905151
,1312,,,,0.5304589867591858
,1313,,,,0.6992231011390686
,1314,,,,0.649783730506897
,1315,,,,0.6605740785598755
,1316,,,,0.6177241802215576
,1317,,,,0.7243892550468445
,1318,,,,0.5614209771156311
,1319,,,,0.5854479074478149
,1320,,,,0.6289204955101013
,1321,,,,0.7755544185638428
,1322,,,,0.7591559290885925
,1323,,,,0.8316619396209717
,1324,,,,0.9032886624336243
,1325,,,,0.8448604941368103
,1326,,,,0.5748797059059143
,1327,,,,0.7485858201980591
,1328,,,,0.6117083430290222
,1329,,,,0.6431671977043152
13,5263,,,0.6591474413871765,
13,5263,0.6460494995117188,,,
14,5269,,0.6055823564529419,,
14,5279,,0.5598081946372986,,
14,5289,,0.6710463762283325,,
14,5299,,0.6142643690109253,,
14,5309,,0.5790756344795227,,
14,5319,,0.6835552453994751,,
14,5329,,0.7080777287483215,,
14,5339,,0.7678037285804749,,
14,5349,,0.6989063620567322,,
14,5359,,0.5438471436500549,,
14,5369,,0.5226165652275085,,
14,5379,,0.5807491540908813,,
14,5389,,0.7317140698432922,,
14,5399,,0.5423535108566284,,
14,5409,,0.7631240487098694,,
14,5419,,0.6073020100593567,,
14,5429,,0.6349670886993408,,
14,5439,,0.7539976239204407,,
14,5449,,0.5372748374938965,,
14,5459,,0.5884595513343811,,
14,5469,,0.7605801820755005,,
14,5479,,0.6941952109336853,,
14,5489,,0.5609510540962219,,
14,5499,,0.5645294189453125,,
14,5509,,0.6939404606819153,,
14,5519,,0.7777925133705139,,
14,5529,,0.5407858490943909,,
14,5539,,0.7359030246734619,,
14,5549,,0.5808656215667725,,
14,5559,,0.5980000495910645,,
14,5569,,0.7087438106536865,,
14,5579,,0.7171875238418579,,
14,5589,,0.7156512141227722,,
14,5599,,0.6699546575546265,,
14,5609,,0.7352771162986755,,
14,5619,,0.5991126894950867,,
14,5629,,0.5532779693603516,,
14,5639,,0.5432050228118896,,
,1330,,,,0.7019107341766357
,1331,,,,0.5932667255401611
,1332,,,,0.7051310539245605
,1333,,,,0.672477662563324
,1334,,,,0.5760489702224731
,1335,,,,0.6089557409286499
,1336,,,,0.7036764621734619
,1337,,,,0.7479239106178284
,1338,,,,0.5827565789222717
,1339,,,,0.603783130645752
,1340,,,,0.5782459378242493
,1341,,,,0.5319117307662964
,1342,,,,0.6073894500732422
,1343,,,,0.671833872795105
,1344,,,,0.5727745890617371
,1345,,,,0.5586457848548889
,1346,,,,0.6349155902862549
,1347,,,,0.5410593152046204
,1348,,,,0.632554829120636
,1349,,,,0.5553520917892456
,1350,,,,0.6041122078895569
,1351,,,,0.6850665807723999
,1352,,,,0.7510683536529541
,1353,,,,0.5831481218338013
,1354,,,,0.6022908687591553
,1355,,,,0.7160292267799377
,1356,,,,0.5581725835800171
,1357,,,,0.5643048882484436
,1358,,,,0.5899966359138489
,1359,,,,0.5604841709136963
,1360,,,,0.6768316030502319
,1361,,,,0.6502861976623535
,1362,,,,0.709638237953186
,1363,,,,0.5760497450828552
,1364,,,,0.6607980132102966
,1365,,,,0.6713043451309204
,1366,,,,0.6216021180152893
,1367,,,,0.5658015608787537
,1368,,,,0.5659734010696411
,1369,,,,0.5315500497817993
,1370,,,,0.5682390332221985
,1371,,,,0.6705194711685181
,1372,,,,0.7195196151733398
,1373,,,,0.7456393241882324
,1374,,,,0.7386807203292847
,1375,,,,0.5845193862915039
,1376,,,,0.7640221118927002
,1377,,,,0.7313371300697327
,1378,,,,0.7245052456855774
,1379,,,,0.758960485458374
,1380,,,,0.558797299861908
,1381,,,,0.5462548732757568
,1382,,,,0.733485758304596
,1383,,,,0.539111316204071
,1384,,,,0.5877203941345215
,1385,,,,0.5492323040962219
,1386,,,,0.741765558719635
,1387,,,,0.5505590438842773
,1388,,,,0.733030378818512
,1389,,,,0.7332196831703186
,1390,,,,0.8474822044372559
,1391,,,,0.5985722541809082
,1392,,,,0.6683315634727478
,1393,,,,0.7759585976600647
,1394,,,,0.9545031785964966
,1395,,,,0.6376484632492065
,1396,,,,0.8498511910438538
,1397,,,,0.5917478799819946
,1398,,,,0.5553656816482544
,1399,,,,0.7176787257194519
,1400,,,,0.5935156345367432
,1401,,,,0.567767858505249
,1402,,,,0.5924746990203857
,1403,,,,0.804557740688324
,1404,,,,0.5696187615394592
,1405,,,,0.5779244899749756
,1406,,,,0.5591864585876465
,1407,,,,0.5168757438659668
,1408,,,,0.7044292092323303
,1409,,,,0.6435748338699341
,1410,,,,0.6619075536727905
,1411,,,,0.5998817682266235
,1412,,,,0.7293304800987244
,1413,,,,0.5447381138801575
,1414,,,,0.5725221037864685
,1415,,,,0.6346811056137085
,1416,,,,0.7735142111778259
,1417,,,,0.7640869617462158
,1418,,,,0.8408769369125366
,1419,,,,0.9072260856628418
,1420,,,,0.8580232858657837
,1421,,,,0.571868896484375
,1422,,,,0.7505160570144653
,1423,,,,0.5944340229034424
,1424,,,,0.6456664800643921
14,5639,,,0.6514237523078918,
14,5639,0.6451363563537598,,,
15,5649,,0.6964296698570251,,
15,5659,,0.5706866383552551,,
15,5669,,0.721613347530365,,
15,5679,,0.5974881649017334,,
15,5689,,0.7684574723243713,,
15,5699,,0.6703106164932251,,
15,5709,,0.680625319480896,,
15,5719,,0.5642904043197632,,
15,5729,,0.5588447451591492,,
15,5739,,0.7475398182868958,,
15,5749,,0.5946180820465088,,
15,5759,,0.6702757477760315,,
15,5769,,0.5695415735244751,,
15,5779,,0.6841569542884827,,
15,5789,,0.5684037208557129,,
15,5799,,0.6916404366493225,,
15,5809,,0.5620178580284119,,
15,5819,,0.6959206461906433,,
15,5829,,0.6048445105552673,,
15,5839,,0.5880875587463379,,
15,5849,,0.5866633057594299,,
15,5859,,0.5581055879592896,,
15,5869,,0.5521523952484131,,
15,5879,,0.5349894762039185,,
15,5889,,0.7094603776931763,,
15,5899,,0.6914268136024475,,
15,5909,,0.7207422256469727,,
15,5919,,0.5789985656738281,,
15,5929,,0.5371955633163452,,
15,5939,,0.5706185102462769,,
15,5949,,0.6764743328094482,,
15,5959,,0.6197527050971985,,
15,5969,,0.5304527878761292,,
15,5979,,0.7470438480377197,,
15,5989,,0.5500137209892273,,
15,5999,,0.664720892906189,,
15,6009,,0.7243912816047668,,
,1425,,,,0.7020128965377808
,1426,,,,0.5959746837615967
,1427,,,,0.7028627395629883
,1428,,,,0.6705995798110962
,1429,,,,0.5831318497657776
,1430,,,,0.6136860847473145
,1431,,,,0.7044823169708252
,1432,,,,0.7476050853729248
,1433,,,,0.5770569443702698
,1434,,,,0.5980105400085449
,1435,,,,0.5600197315216064
,1436,,,,0.5257276296615601
,1437,,,,0.6080191135406494
,1438,,,,0.6744203567504883
,1439,,,,0.5725244879722595
,1440,,,,0.5844430327415466
,1441,,,,0.642122745513916
,1442,,,,0.5383850932121277
,1443,,,,0.6349723935127258
,1444,,,,0.5479691028594971
,1445,,,,0.6099112033843994
,1446,,,,0.6909322738647461
,1447,,,,0.7490558624267578
,1448,,,,0.5644161105155945
,1449,,,,0.582304835319519
,1450,,,,0.7188811302185059
,1451,,,,0.5435330867767334
,1452,,,,0.5536355376243591
,1453,,,,0.5771012306213379
,1454,,,,0.5358201861381531
,1455,,,,0.6765062808990479
,1456,,,,0.649685263633728
,1457,,,,0.7068289518356323
,1458,,,,0.563956081867218
,1459,,,,0.6590657234191895
,1460,,,,0.6723893880844116
,1461,,,,0.620410144329071
,1462,,,,0.5411165952682495
,1463,,,,0.5673151612281799
,1464,,,,0.5491515398025513
,1465,,,,0.5698821544647217
,1466,,,,0.6682593822479248
,1467,,,,0.7176996469497681
,1468,,,,0.7373612523078918
,1469,,,,0.7339667677879333
,1470,,,,0.5846948027610779
,1471,,,,0.754970133304596
,1472,,,,0.725227415561676
,1473,,,,0.7191785573959351
,1474,,,,0.7498946785926819
,1475,,,,0.5416368246078491
,1476,,,,0.534183919429779
,1477,,,,0.725945770740509
,1478,,,,0.5549657344818115
,1479,,,,0.6331371068954468
,1480,,,,0.5606110095977783
,1481,,,,0.7396132946014404
,1482,,,,0.5461440682411194
,1483,,,,0.7304543256759644
,1484,,,,0.7237187027931213
,1485,,,,0.820179283618927
,1486,,,,0.5925228595733643
,1487,,,,0.6656417846679688
,1488,,,,0.7612968683242798
,1489,,,,0.9301159381866455
,1490,,,,0.6735950708389282
,1491,,,,0.850568413734436
,1492,,,,0.5810899138450623
,1493,,,,0.5501606464385986
,1494,,,,0.7173936367034912
,1495,,,,0.5820360779762268
,1496,,,,0.5501018166542053
,1497,,,,0.5866091847419739
,1498,,,,0.7950941920280457
,1499,,,,0.5723766684532166
,1500,,,,0.594422459602356
,1501,,,,0.5645087361335754
,1502,,,,0.5162657499313354
,1503,,,,0.6932622790336609
,1504,,,,0.6461017727851868
,1505,,,,0.6590685844421387
,1506,,,,0.5955371856689453
,1507,,,,0.7226868867874146
,1508,,,,0.5379924178123474
,1509,,,,0.5845975279808044
,1510,,,,0.6612317562103271
,1511,,,,0.7595466375350952
,1512,,,,0.7592602968215942
,1513,,,,0.8245356678962708
,1514,,,,0.8778222799301147
,1515,,,,0.8446689248085022
,1516,,,,0.593957781791687
,1517,,,,0.7420918941497803
,1518,,,,0.5925666093826294
,1519,,,,0.6437222361564636
15,6015,,,0.6485700011253357,
15,6015,0.6346493363380432,,,
16,6019,,0.7126401662826538,,
16,6029,,0.5419044494628906,,
16,6039,,0.6565079689025879,,
16,6049,,0.5134428143501282,,
16,6059,,0.6950209736824036,,
16,6069,,0.5051127672195435,,
16,6079,,0.5190625786781311,,
16,6089,,0.5727614760398865,,
16,6099,,0.5735238790512085,,
16,6109,,0.5760997533798218,,
16,6119,,0.5484426617622375,,
16,6129,,0.7804956436157227,,
16,6139,,0.5835557579994202,,
16,6149,,0.7292407155036926,,
16,6159,,0.5814477801322937,,
16,6169,,0.5725813508033752,,
16,6179,,0.5371012091636658,,
16,6189,,0.5470761656761169,,
16,6199,,0.5018739104270935,,
16,6209,,0.6742650866508484,,
16,6219,,0.540041446685791,,
16,6229,,0.4973192512989044,,
16,6239,,0.5628131628036499,,
16,6249,,0.6050769090652466,,
16,6259,,0.5982932448387146,,
16,6269,,0.6403598785400391,,
16,6279,,0.704625129699707,,
16,6289,,0.584254264831543,,
16,6299,,0.7500601410865784,,
16,6309,,0.694315493106842,,
16,6319,,0.6967933177947998,,
16,6329,,0.5570898056030273,,
16,6339,,0.706301212310791,,
16,6349,,0.6657480597496033,,
16,6359,,0.7217614054679871,,
16,6369,,0.6493105292320251,,
16,6379,,0.5697221159934998,,
16,6389,,0.5396210551261902,,
,1520,,,,0.7024607062339783
,1521,,,,0.5852139592170715
,1522,,,,0.7065539956092834
,1523,,,,0.6717239618301392
,1524,,,,0.567665696144104
,1525,,,,0.6074172854423523
,1526,,,,0.7074713110923767
,1527,,,,0.749844491481781
,1528,,,,0.568035900592804
,1529,,,,0.59061598777771
,1530,,,,0.5546801686286926
,1531,,,,0.5186049938201904
,1532,,,,0.6069480180740356
,1533,,,,0.6728734970092773
,1534,,,,0.5567137002944946
,1535,,,,0.5550419092178345
,1536,,,,0.6328137516975403
,1537,,,,0.5283593535423279
,1538,,,,0.6336285471916199
,1539,,,,0.5354883074760437
,1540,,,,0.589671790599823
,1541,,,,0.6849141716957092
,1542,,,,0.7436150312423706
,1543,,,,0.5538537502288818
,1544,,,,0.574849009513855
,1545,,,,0.7171962261199951
,1546,,,,0.5301821827888489
,1547,,,,0.5352002382278442
,1548,,,,0.5656793117523193
,1549,,,,0.526340126991272
,1550,,,,0.6788068413734436
,1551,,,,0.6507581472396851
,1552,,,,0.701162576675415
,1553,,,,0.5626407265663147
,1554,,,,0.649052619934082
,1555,,,,0.6688218116760254
,1556,,,,0.6214823722839355
,1557,,,,0.5387538075447083
,1558,,,,0.5550661683082581
,1559,,,,0.539061427116394
,1560,,,,0.5615139603614807
,1561,,,,0.6696171760559082
,1562,,,,0.7059571743011475
,1563,,,,0.7427101731300354
,1564,,,,0.7292376756668091
,1565,,,,0.5772309899330139
,1566,,,,0.7507749199867249
,1567,,,,0.7237688899040222
,1568,,,,0.7118181586265564
,1569,,,,0.7368911504745483
,1570,,,,0.5393673181533813
,1571,,,,0.5283798575401306
,1572,,,,0.7167364954948425
,1573,,,,0.5426014065742493
,1574,,,,0.6108313798904419
,1575,,,,0.5532024502754211
,1576,,,,0.7302972078323364
,1577,,,,0.5389868021011353
,1578,,,,0.721400797367096
,1579,,,,0.7108896970748901
,1580,,,,0.8214584589004517
,1581,,,,0.5730085372924805
,1582,,,,0.657712459564209
,1583,,,,0.7570312023162842
,1584,,,,0.9050220251083374
,1585,,,,0.6349256634712219
,1586,,,,0.8260595798492432
,1587,,,,0.5712713599205017
,1588,,,,0.541365385055542
,1589,,,,0.7117220759391785
,1590,,,,0.571442186832428
,1591,,,,0.5425668358802795
,1592,,,,0.5747009515762329
,1593,,,,0.784798800945282
,1594,,,,0.5556260943412781
,1595,,,,0.57568359375
,1596,,,,0.5467275381088257
,1597,,,,0.5093087553977966
,1598,,,,0.6905332207679749
,1599,,,,0.6405360102653503
,1600,,,,0.6582652926445007
,1601,,,,0.5906645655632019
,1602,,,,0.7251185774803162
,1603,,,,0.5326116681098938
,1604,,,,0.5718096494674683
,1605,,,,0.650044858455658
,1606,,,,0.7973909974098206
,1607,,,,0.7573817372322083
,1608,,,,0.7968692183494568
,1609,,,,0.8702465891838074
,1610,,,,0.8427829742431641
,1611,,,,0.5766141414642334
,1612,,,,0.7457240223884583
,1613,,,,0.5798684358596802
,1614,,,,0.6485066413879395
16,6391,,,0.6407426595687866,
16,6391,0.63450026512146,,,
17,6399,,0.6048348546028137,,
17,6409,,0.5851511359214783,,
17,6419,,0.5842757225036621,,
17,6429,,0.5798438191413879,,
17,6439,,0.6031322479248047,,
17,6449,,0.664652943611145,,
17,6459,,0.6992226243019104,,
17,6469,,0.5506899952888489,,
17,6479,,0.6735460758209229,,
17,6489,,0.5663425326347351,,
17,6499,,0.695364236831665,,
17,6509,,0.6804963946342468,,
17,6519,,0.6814258694648743,,
17,6529,,0.5635228157043457,,
17,6539,,0.6894961595535278,,
17,6549,,0.6383994817733765,,
17,6559,,0.6709578633308411,,
17,6569,,0.7784667611122131,,
17,6579,,0.7246915698051453,,
17,6589,,0.5583925247192383,,
17,6599,,0.6953026056289673,,
17,6609,,0.7087184190750122,,
17,6619,,0.5842366218566895,,
17,6629,,0.5653932094573975,,
17,6639,,0.6575791239738464,,
17,6649,,0.577534556388855,,
17,6659,,0.7350715398788452,,
17,6669,,0.5544548630714417,,
17,6679,,0.7100205421447754,,
17,6689,,0.5209534168243408,,
17,6699,,0.6516207456588745,,
17,6709,,0.7315977811813354,,
17,6719,,0.7329345345497131,,
17,6729,,0.6252828240394592,,
17,6739,,0.5547033548355103,,
17,6749,,0.7187374234199524,,
17,6759,,0.6299021244049072,,
,1615,,,,0.6977488398551941
,1616,,,,0.6040099859237671
,1617,,,,0.7062676548957825
,1618,,,,0.6667567491531372
,1619,,,,0.5828127264976501
,1620,,,,0.6270363330841064
,1621,,,,0.6915419101715088
,1622,,,,0.7399054765701294
,1623,,,,0.5769157409667969
,1624,,,,0.6060071587562561
,1625,,,,0.5573621392250061
,1626,,,,0.5343766212463379
,1627,,,,0.5989059805870056
,1628,,,,0.6724356412887573
,1629,,,,0.5783224701881409
,1630,,,,0.6095327734947205
,1631,,,,0.6267577409744263
,1632,,,,0.5529581904411316
,1633,,,,0.6292081475257874
,1634,,,,0.5467866063117981
,1635,,,,0.5988022089004517
,1636,,,,0.6829942464828491
,1637,,,,0.7525936365127563
,1638,,,,0.5602375864982605
,1639,,,,0.5735883116722107
,1640,,,,0.7220757007598877
,1641,,,,0.538919985294342
,1642,,,,0.5376405715942383
,1643,,,,0.5650952458381653
,1644,,,,0.5217372179031372
,1645,,,,0.6763595938682556
,1646,,,,0.6465703845024109
,1647,,,,0.6907138824462891
,1648,,,,0.5613863468170166
,1649,,,,0.6522817015647888
,1650,,,,0.6623268127441406
,1651,,,,0.6111090183258057
,1652,,,,0.5303146243095398
,1653,,,,0.5767185091972351
,1654,,,,0.5787685513496399
,1655,,,,0.5784206390380859
,1656,,,,0.6672167778015137
,1657,,,,0.6982271671295166
,1658,,,,0.7544562816619873
,1659,,,,0.7403777837753296
,1660,,,,0.5931975245475769
,1661,,,,0.7726479172706604
,1662,,,,0.7561920285224915
,1663,,,,0.7322587370872498
,1664,,,,0.7809987664222717
,1665,,,,0.5335429310798645
,1666,,,,0.5323894023895264
,1667,,,,0.7418371438980103
,1668,,,,0.5687717795372009
,1669,,,,0.6372982263565063
,1670,,,,0.5615376830101013
,1671,,,,0.7305567264556885
,1672,,,,0.5409936904907227
,1673,,,,0.734944760799408
,1674,,,,0.7428039312362671
,1675,,,,0.9005967378616333
,1676,,,,0.5737025141716003
,1677,,,,0.6759339570999146
,1678,,,,0.8086545467376709
,1679,,,,0.9892364740371704
,1680,,,,0.6576974987983704
,1681,,,,0.8647937178611755
,1682,,,,0.5701582431793213
,1683,,,,0.5405663251876831
,1684,,,,0.7128547430038452
,1685,,,,0.5631257891654968
,1686,,,,0.538058340549469
,1687,,,,0.5715323090553284
,1688,,,,0.8121104836463928
,1689,,,,0.5594772696495056
,1690,,,,0.5694336891174316
,1691,,,,0.5525047183036804
,1692,,,,0.5154292583465576
,1693,,,,0.7136062383651733
,1694,,,,0.6356421709060669
,1695,,,,0.6627811789512634
,1696,,,,0.5971652269363403
,1697,,,,0.7185839414596558
,1698,,,,0.5406642556190491
,1699,,,,0.5833353400230408
,1700,,,,0.650603711605072
,1701,,,,0.873429536819458
,1702,,,,0.7736247777938843
,1703,,,,0.8657447695732117
,1704,,,,0.9611566662788391
,1705,,,,0.8737784624099731
,1706,,,,0.598260760307312
,1707,,,,0.7601596713066101
,1708,,,,0.5793049335479736
,1709,,,,0.64133220911026
17,6767,,,0.6532555818557739,
17,6767,0.6338876485824585,,,
18,6769,,0.5671483874320984,,
18,6779,,0.5660653114318848,,
18,6789,,0.6847661137580872,,
18,6799,,0.7568122744560242,,
18,6809,,0.7410244345664978,,
18,6819,,0.6752302646636963,,
18,6829,,0.7325393557548523,,
18,6839,,0.6671199202537537,,
18,6849,,0.5073544979095459,,
18,6859,,0.6791560053825378,,
18,6869,,0.5606464743614197,,
18,6879,,0.5829973816871643,,
18,6889,,0.5398542284965515,,
18,6899,,0.5163185000419617,,
18,6909,,0.6953410506248474,,
18,6919,,0.7550106644630432,,
18,6929,,0.5652256011962891,,
18,6939,,0.5766811966896057,,
18,6949,,0.5385664105415344,,
18,6959,,0.632455050945282,,
18,6969,,0.650383472442627,,
18,6979,,0.71556156873703,,
18,6989,,0.7301408052444458,,
18,6999,,0.7267773747444153,,
18,7009,,0.5205031633377075,,
18,7019,,0.5481710433959961,,
18,7029,,0.6833882331848145,,
18,7039,,0.6931050419807434,,
18,7049,,0.6477853059768677,,
18,7059,,0.5778887867927551,,
18,7069,,0.6927845478057861,,
18,7079,,0.6687544584274292,,
18,7089,,0.578450620174408,,
18,7099,,0.7044409513473511,,
18,7109,,0.5754749774932861,,
18,7119,,0.6788212656974792,,
18,7129,,0.6943118572235107,,
18,7139,,0.6995996236801147,,
,1710,,,,0.7005853056907654
,1711,,,,0.5805834531784058
,1712,,,,0.701838493347168
,1713,,,,0.6695173382759094
,1714,,,,0.5700642466545105
,1715,,,,0.5952537059783936
,1716,,,,0.6995651125907898
,1717,,,,0.7454312443733215
,1718,,,,0.5699447989463806
,1719,,,,0.5868053436279297
,1720,,,,0.5513432025909424
,1721,,,,0.5152779221534729
,1722,,,,0.6102004051208496
,1723,,,,0.6715471148490906
,1724,,,,0.5507165193557739
,1725,,,,0.5532727241516113
,1726,,,,0.6309716701507568
,1727,,,,0.5304251313209534
,1728,,,,0.6369041204452515
,1729,,,,0.5517532825469971
,1730,,,,0.5977219343185425
,1731,,,,0.684820830821991
,1732,,,,0.7426216006278992
,1733,,,,0.567697286605835
,1734,,,,0.5829445123672485
,1735,,,,0.7210191488265991
,1736,,,,0.5418093204498291
,1737,,,,0.545167863368988
,1738,,,,0.5671597719192505
,1739,,,,0.544854462146759
,1740,,,,0.6780192255973816
,1741,,,,0.6513156294822693
,1742,,,,0.698682427406311
,1743,,,,0.5528895258903503
,1744,,,,0.643816351890564
,1745,,,,0.6619757413864136
,1746,,,,0.6222849488258362
,1747,,,,0.5510427355766296
,1748,,,,0.5614377856254578
,1749,,,,0.525524377822876
,1750,,,,0.5669409036636353
,1751,,,,0.6708433628082275
,1752,,,,0.7022839188575745
,1753,,,,0.7443360686302185
,1754,,,,0.7301561236381531
,1755,,,,0.5712932348251343
,1756,,,,0.7505166530609131
,1757,,,,0.7278646230697632
,1758,,,,0.7089840769767761
,1759,,,,0.741990327835083
,1760,,,,0.5623113512992859
,1761,,,,0.5374433398246765
,1762,,,,0.7157105207443237
,1763,,,,0.5229935050010681
,1764,,,,0.5764139294624329
,1765,,,,0.545688807964325
,1766,,,,0.7325923442840576
,1767,,,,0.5488545894622803
,1768,,,,0.7215471863746643
,1769,,,,0.7013673186302185
,1770,,,,0.820875883102417
,1771,,,,0.5931533575057983
,1772,,,,0.6509518623352051
,1773,,,,0.7603767514228821
,1774,,,,0.8939236998558044
,1775,,,,0.6119741201400757
,1776,,,,0.8209902048110962
,1777,,,,0.5832015872001648
,1778,,,,0.5454776287078857
,1779,,,,0.7135705947875977
,1780,,,,0.6066336631774902
,1781,,,,0.5626107454299927
,1782,,,,0.5992431640625
,1783,,,,0.785723865032196
,1784,,,,0.5612862706184387
,1785,,,,0.5708749890327454
,1786,,,,0.5560908317565918
,1787,,,,0.5064477324485779
,1788,,,,0.6902408003807068
,1789,,,,0.6380961537361145
,1790,,,,0.6585865616798401
,1791,,,,0.5800096988677979
,1792,,,,0.7204565405845642
,1793,,,,0.5335218906402588
,1794,,,,0.5590793490409851
,1795,,,,0.6215515732765198
,1796,,,,0.79693603515625
,1797,,,,0.7570334672927856
,1798,,,,0.7918242812156677
,1799,,,,0.858458399772644
,1800,,,,0.8300699591636658
,1801,,,,0.5559138059616089
,1802,,,,0.7503604292869568
,1803,,,,0.589394748210907
,1804,,,,0.64909428358078
18,7143,,,0.6406537890434265,
18,7143,0.6261640191078186,,,
19,7149,,0.609056293964386,,
19,7159,,0.6809117794036865,,
19,7169,,0.5514065623283386,,
19,7179,,0.7192851305007935,,
19,7189,,0.6354875564575195,,
19,7199,,0.5725351572036743,,
19,7209,,0.7830406427383423,,
19,7219,,0.5398558378219604,,
19,7229,,0.4977535307407379,,
19,7239,,0.672097384929657,,
19,7249,,0.5615967512130737,,
19,7259,,0.5678000450134277,,
19,7269,,0.6897114515304565,,
19,7279,,0.6928703188896179,,
19,7289,,0.5415442585945129,,
19,7299,,0.7119938731193542,,
19,7309,,0.7561361789703369,,
19,7319,,0.712948203086853,,
19,7329,,0.5554440021514893,,
19,7339,,0.7647251486778259,,
19,7349,,0.6740019917488098,,
19,7359,,0.5122529864311218,,
19,7369,,0.6459383964538574,,
19,7379,,0.5985463261604309,,
19,7389,,0.5709224939346313,,
19,7399,,0.6811034679412842,,
19,7409,,0.5762806534767151,,
19,7419,,0.7038577198982239,,
19,7429,,0.5265007019042969,,
19,7439,,0.5414085388183594,,
19,7449,,0.6864164471626282,,
19,7459,,0.5615861415863037,,
19,7469,,0.650935709476471,,
19,7479,,0.7221720814704895,,
19,7489,,0.5418980717658997,,
19,7499,,0.5677234530448914,,
19,7509,,0.6685138940811157,,
19,7519,,0.4824911653995514,,
,1805,,,,0.6965773105621338
,1806,,,,0.5883198976516724
,1807,,,,0.6981644034385681
,1808,,,,0.6671070456504822
,1809,,,,0.5600205063819885
,1810,,,,0.6182037591934204
,1811,,,,0.6969377398490906
,1812,,,,0.7410658597946167
,1813,,,,0.5697436332702637
,1814,,,,0.5937447547912598
,1815,,,,0.5591993927955627
,1816,,,,0.5109807848930359
,1817,,,,0.6012275218963623
,1818,,,,0.6682945489883423
,1819,,,,0.5673161745071411
,1820,,,,0.5626038312911987
,1821,,,,0.6290678977966309
,1822,,,,0.5279037356376648
,1823,,,,0.6293774843215942
,1824,,,,0.5454422831535339
,1825,,,,0.5861088633537292
,1826,,,,0.6829044818878174
,1827,,,,0.7487868070602417
,1828,,,,0.5677493810653687
,1829,,,,0.5810414552688599
,1830,,,,0.7189808487892151
,1831,,,,0.5316378474235535
,1832,,,,0.5449854135513306
,1833,,,,0.5717967748641968
,1834,,,,0.5254133343696594
,1835,,,,0.6712929010391235
,1836,,,,0.6452550292015076
,1837,,,,0.6933748722076416
,1838,,,,0.5711629986763
,1839,,,,0.6472172737121582
,1840,,,,0.6609531044960022
,1841,,,,0.6126216650009155
,1842,,,,0.5379905104637146
,1843,,,,0.5486593246459961
,1844,,,,0.5378715395927429
,1845,,,,0.559656023979187
,1846,,,,0.663251519203186
,1847,,,,0.6997907161712646
,1848,,,,0.7343854308128357
,1849,,,,0.7267996668815613
,1850,,,,0.5872657299041748
,1851,,,,0.7499493360519409
,1852,,,,0.7185375094413757
,1853,,,,0.7017251253128052
,1854,,,,0.7443017959594727
,1855,,,,0.5451999306678772
,1856,,,,0.5375726222991943
,1857,,,,0.7161173224449158
,1858,,,,0.5512512922286987
,1859,,,,0.5897889137268066
,1860,,,,0.5475127696990967
,1861,,,,0.7263606786727905
,1862,,,,0.5287769436836243
,1863,,,,0.7189340591430664
,1864,,,,0.6989348530769348
,1865,,,,0.8247210383415222
,1866,,,,0.581692099571228
,1867,,,,0.6527437567710876
,1868,,,,0.7420414090156555
,1869,,,,0.9005838632583618
,1870,,,,0.6111855506896973
,1871,,,,0.8328958749771118
,1872,,,,0.5734052062034607
,1873,,,,0.5426256656646729
,1874,,,,0.7082143425941467
,1875,,,,0.5658122301101685
,1876,,,,0.5409587025642395
,1877,,,,0.5760750770568848
,1878,,,,0.7914279103279114
,1879,,,,0.5579153299331665
,1880,,,,0.5559725761413574
,1881,,,,0.5580925345420837
,1882,,,,0.5079838037490845
,1883,,,,0.6862223148345947
,1884,,,,0.6377246975898743
,1885,,,,0.6538404822349548
,1886,,,,0.6024907827377319
,1887,,,,0.717619001865387
,1888,,,,0.537932276725769
,1889,,,,0.5731781721115112
,1890,,,,0.6359520554542542
,1891,,,,0.7815528512001038
,1892,,,,0.761017918586731
,1893,,,,0.8101856708526611
,1894,,,,0.8545067310333252
,1895,,,,0.8384926319122314
,1896,,,,0.569067120552063
,1897,,,,0.7473874092102051
,1898,,,,0.5843968987464905
,1899,,,,0.6568907499313354
19,7519,,,0.6391750574111938,
19,7519,0.6257352232933044,,,
20,7529,,0.7594969868659973,,
20,7539,,0.7810304760932922,,
20,7549,,0.5567781329154968,,
20,7559,,0.6390753984451294,,
20,7569,,0.5402186512947083,,
20,7579,,0.6956189870834351,,
20,7589,,0.5240200757980347,,
20,7599,,0.6622373461723328,,
20,7609,,0.684432864189148,,
20,7619,,0.6845669746398926,,
20,7629,,0.6709469556808472,,
20,7639,,0.5637744069099426,,
20,7649,,0.6863200664520264,,
20,7659,,0.6684732437133789,,
20,7669,,0.522896945476532,,
20,7679,,0.6707601547241211,,
20,7689,,0.5645776391029358,,
20,7699,,0.7454360127449036,,
20,7709,,0.6939542889595032,,
20,7719,,0.6695110201835632,,
20,7729,,0.5545704960823059,,
20,7739,,0.7065423130989075,,
20,7749,,0.7282225489616394,,
20,7759,,0.5572587847709656,,
20,7769,,0.5768461227416992,,
20,7779,,0.7435164451599121,,
20,7789,,0.7173418998718262,,
20,7799,,0.560834527015686,,
20,7809,,0.6520864367485046,,
20,7819,,0.6798684597015381,,
20,7829,,0.5459441542625427,,
20,7839,,0.7263542413711548,,
20,7849,,0.6808099150657654,,
20,7859,,0.5716780424118042,,
20,7869,,0.49316003918647766,,
